slug	name_he	kind	chain_id	chain_name	barcode	chain_product_name	price
apple	תפוח	fruit	7290000000003	סיטי מרקט	054755	תפוחים בחוץ	12.9
apple	תפוח	fruit	7290027600007	שופרסל	7290000952338	תפוחים פרימיום	13.9
apple	תפוח	fruit	7290055700007	קרפור	7290000001915	תפוח סאן דאונר	12.9
apple	תפוח	fruit	7290058108879	אלמשהדאוי קינג סטור בע"מ	777289	תפוח ברשת	5
apple	תפוח	fruit	7290058140886	רמי לוי שיווק השקמה	7290000002013	תפוח עץ בשקית	5.9
apple	תפוח	fruit	7290058177776	סופר יודה	7290000999036	תפוח גלה	19.9
apple	תפוח	fruit	7290058289400	קי טי יבוא ושווק בע"מ	6437646958061	תפוח גאלה	11.9
apple	תפוח	fruit	7290103152017	אושר עד	7290009002126	תפוח עץ סטורי	10.9
apple	תפוח	fruit	7290492000005	Dor Alon	7290000043173	תפוח עץ ענה	12.9
apple	תפוח	fruit	7290526500006	Dabach	7290000000030	תפוח גרנד	12.9
apple	תפוח	fruit	7290661400001	מחסני השוק	8268158	תפוח מוזהב ארוז	12.9
apple	תפוח	fruit	7290696200003	ויקטורי	7290002204169	תפוח נאשי תוצרת סין	13.9
apple	תפוח	fruit	7290700100008	חצי חינם	7290000014081	תפוח עץ זהוב	12.9
apple	תפוח	fruit	7290803800003	מ. יוחננוף ובניו	7290000000787	תפוח עץ חרמון	9.9
apple	תפוח	fruit	7290876100000	פרש מרקט	7290000991961	תפוח ברשת	8.9
apple	תפוח	fruit	7291059100008	פוליצר	7290000000122	תפוח פינק ישראלי	15.9
apricot	משמש	fruit	7290000000003	סיטי מרקט	555777999	משמש	29.9
apricot	משמש	fruit	7290027600007	שופרסל	7290000096063	משמש	14.9
apricot	משמש	fruit	7290058108879	אלמשהדאוי קינג סטור בע"מ	777093	משמש	24.9
apricot	משמש	fruit	7290058140886	רמי לוי שיווק השקמה	7290000000184	משמש	21.9
apricot	משמש	fruit	7290058148776	שוק העיר (ט.ע.מ.ס.) בע"מ	475020	משמש	55
apricot	משמש	fruit	7290058177776	סופר יודה	7290000999992	משמש	55
apricot	משמש	fruit	7290058289400	קי טי יבוא ושווק בע"מ	2580147	משמש	17.9
apricot	משמש	fruit	7290492000005	Dor Alon	7290000041360	משמש	44.9
apricot	משמש	fruit	7290526500006	Dabach	7290000000068	משמש	34.9
apricot	משמש	fruit	7290639000004	סטופמרקט	977683	משמש אוזבקי מובחר	55
apricot	משמש	fruit	7290661400001	מחסני השוק	903119	משמש ענק תפזורת	59
apricot	משמש	fruit	7290700100008	חצי חינם	7290000014586	משמש	19.9
apricot	משמש	fruit	7290785400000	קשת טעמים	4600508710065	גלי מצופה בטעם משמש	49
apricot	משמש	fruit	7290873255550	טיב טעם	4412562	משמש	27.9
apricot	משמש	fruit	7290876100000	פרש מרקט	7290000999992	משמש	19.9
apricot	משמש	fruit	7291059100008	פוליצר	7290000000135	משמש	18.9
artichoke	ארטישוק	veg	7290000000003	סיטי מרקט	5588745	ארטישוק	15.9
artichoke	ארטישוק	veg	7290027600007	שופרסל	7290000999678	ארטישוק	19.9
artichoke	ארטישוק	veg	7290058108879	אלמשהדאוי קינג סטור בע"מ	777041	ארטישוק	14.9
artichoke	ארטישוק	veg	7290058140886	רמי לוי שיווק השקמה	7290000000156	ארטישוק	9.9
artichoke	ארטישוק	veg	7290058177776	סופר יודה	7290000999989	ארטישוק	22.9
artichoke	ארטישוק	veg	7290492000005	Dor Alon	7290000041063	ארטישוק	14.9
artichoke	ארטישוק	veg	7290526500006	Dabach	7290000000056	ארטישוק	9.9
artichoke	ארטישוק	veg	7290700100008	חצי חינם	7290000013176	ארטישוק	9.9
artichoke	ארטישוק	veg	7290803800003	מ. יוחננוף ובניו	889092	ארטישוק מבושל	59
artichoke	ארטישוק	veg	7290873255550	טיב טעם	4412302	ארטישוק	19.9
artichoke	ארטישוק	veg	7290876100000	פרש מרקט	7290000999989	ארטישוק	11.9
artichoke	ארטישוק	veg	7291059100008	פוליצר	7290000000112	ארטישוק	9.9
avocado	אבוקדו	fruit	7290000000003	סיטי מרקט	0547525	אבוקדו בחוץ	12.9
avocado	אבוקדו	fruit	7290027600007	שופרסל	7290000964980	אבוקדו	9.9
avocado	אבוקדו	fruit	7290058108879	אלמשהדאוי קינג סטור בע"מ	777039	אבוקדו אטינגר	14.9
avocado	אבוקדו	fruit	7290058140886	רמי לוי שיווק השקמה	7290000000135	אבוקדו	8.9
avocado	אבוקדו	fruit	7290058177776	סופר יודה	7290000999957	אבוקדו	29.9
avocado	אבוקדו	fruit	7290103152017	אושר עד	7290009005615	אבוקדו	8.9
avocado	אבוקדו	fruit	7290492000005	Dor Alon	7290000041162	אבוקדו	18.9
avocado	אבוקדו	fruit	7290526500006	Dabach	7290000000045	אבוקדו	10.9
avocado	אבוקדו	fruit	7290700100008	חצי חינם	7290000014746	אבוקדו	14.9
avocado	אבוקדו	fruit	7290803800003	מ. יוחננוף ובניו	7290000000606	אבוקדו	9.9
avocado	אבוקדו	fruit	7290873255550	טיב טעם	4412647	אבוקדו	14.9
avocado	אבוקדו	fruit	7290876100000	פרש מרקט	7290000999957	אבוקדו	12.9
avocado	אבוקדו	fruit	7291059100008	פוליצר	7290000000023	אבוקדו ישראלי	14.9
banana	בננה	fruit	7290027600007	שופרסל	7290000999937	בננה	9.9
banana	בננה	fruit	7290058108879	אלמשהדאוי קינג סטור בע"מ	777104	בננה	14.9
banana	בננה	fruit	7290058140886	רמי לוי שיווק השקמה	7290000000134	בננה	9.9
banana	בננה	fruit	7290058177776	סופר יודה	7290000999949	בננה	16.9
banana	בננה	fruit	7290103152017	אושר עד	7290009005417	בננות	9.9
banana	בננה	fruit	7290492000005	Dor Alon	7290000041148	בננה	15.9
banana	בננה	fruit	7290526500006	Dabach	7290000000036	בננה	9.9
banana	בננה	fruit	7290700100008	חצי חינם	7290000014562	בננה	9.9
banana	בננה	fruit	7290803800003	מ. יוחננוף ובניו	7290000000623	בננה	3.9
banana	בננה	fruit	7290873255550	טיב טעם	4412616	בננות	11.9
banana	בננה	fruit	7290876100000	פרש מרקט	7290000999949	בננה	9.9
banana	בננה	fruit	7291059100008	פוליצר	7290000000089	בננה ישראלי	11.9
basil	בזיליקום	herb	7290027600007	שופרסל	7290000990576	בזיליקום במשקל	52
basil	בזיליקום	herb	7290058140886	רמי לוי שיווק השקמה	7290001775868	בזיליקום עלים	80
basil	בזיליקום	herb	7290058148776	שוק העיר (ט.ע.מ.ס.) בע"מ	7290002370017	גבינת גאודה בתוספת תערובת בזיליקום ושום 33% שומן	129
basil	בזיליקום	herb	7290058156016	אבות אברהם בע"מ	131173	בזיליקום	40
basil	בזיליקום	herb	7290455000004	HET_COHEN_NEW_SOURCE	1619414	בזיליקום	69
basil	בזיליקום	herb	7290492000005	Dor Alon	7290002370017	גבינת גאודה בזיליקום	139
basil	בזיליקום	herb	7290526500006	Dabach	7290000101117	בזיליקום	80
basil	בזיליקום	herb	7290696200003	ויקטורי	2370017	גבינת גאודה בתוספת תערובת בזיליקום ושום	120
basil	בזיליקום	herb	7290700100008	חצי חינם	7290000930022	בזיליקום	52
basil	בזיליקום	herb	7290785400000	קשת טעמים	7290000429614	גבינה נועה בזיליקום	145
basil	בזיליקום	herb	7290803800003	מ. יוחננוף ובניו	7290006214034	בזיליקום	80
basil	בזיליקום	herb	7290873255550	טיב טעם	3213931	בזיליקום במשקל	69
beetroot	סלק	veg	7290000000003	סיטי מרקט	7290003326037	סלק אורגני	7.9
beetroot	סלק	veg	7290027600007	שופרסל	7290000000183	סלק	4.9
beetroot	סלק	veg	7290058108879	אלמשהדאוי קינג סטור בע"מ	777047	סלק	5.9
beetroot	סלק	veg	7290058140886	רמי לוי שיווק השקמה	7290000000151	סלק אדום	4.9
beetroot	סלק	veg	7290058177776	סופר יודה	7290000999916	סלק	8.9
beetroot	סלק	veg	7290103152017	אושר עד	7290009000405	סלק	3.9
beetroot	סלק	veg	7290526500006	Dabach	7290000000041	סלק אדום	5.9
beetroot	סלק	veg	7290803800003	מ. יוחננוף ובניו	7290000000715	סלק	4.9
beetroot	סלק	veg	7290873255550	טיב טעם	4412791	סלק	4.9
beetroot	סלק	veg	7290876100000	פרש מרקט	7290000999916	סלק	6.9
beetroot	סלק	veg	7291059100008	פוליצר	7290000000012	סלק ישראלי	5.9
broccoli	ברוקולי	veg	7290027600007	שופרסל	7290000975948	ברוקולי חסלט הלפרין	29.9
broccoli	ברוקולי	veg	7290058140886	רמי לוי שיווק השקמה	7290000996902	ברוקולי חסלט	29.9
broccoli	ברוקולי	veg	7290058156016	אבות אברהם בע"מ	725204	ברוקולי ארוז אפרתי	39.9
broccoli	ברוקולי	veg	7290103152017	אושר עד	7290003996902	ברוקולי חסלט	29.9
broccoli	ברוקולי	veg	7290455000004	HET_COHEN_NEW_SOURCE	7290000000626	ברוקולי טרי תפזורת	19.9
broccoli	ברוקולי	veg	7290492000005	Dor Alon	7290015983020	ברוקולי שדות בר	30
broccoli	ברוקולי	veg	7290526500006	Dabach	7290000000563	ברוקולי תפזורת	8.9
broccoli	ברוקולי	veg	7290639000004	סטופמרקט	7290015983020	שדות בר ברוקולי	30
broccoli	ברוקולי	veg	7290876100000	פרש מרקט	7290000999366	ברוקולי גן ירק במשקל	6.9
broccoli	ברוקולי	veg	7291059100008	פוליצר	7290000000059	ברוקולי משקל	19.9
cabbage	כרוב	veg	7290000000003	סיטי מרקט	7290011725075	כרוב גוש קטיף	4.9
cabbage	כרוב	veg	7290027600007	שופרסל	7290000000138	כרוב לבן	4.9
cabbage	כרוב	veg	7290055700007	קרפור	7290005576096	כרוב לבן מהדרין  גלא	15.9
cabbage	כרוב	veg	7290058108879	אלמשהדאוי קינג סטור בע"מ	777019	כרוב לבן	4.9
cabbage	כרוב	veg	7290058134977	שפע ברכת השם בע"מ	719278	כרוב אדום חדש	14.9
cabbage	כרוב	veg	7290058140886	רמי לוי שיווק השקמה	7290000000109	כרוב לבן	3.9
cabbage	כרוב	veg	7290058148776	שוק העיר (ט.ע.מ.ס.) בע"מ	7290005576096	כרוב לבן גלאט	15.9
cabbage	כרוב	veg	7290058156016	אבות אברהם בע"מ	7290011276690	כרוב לבן מהדרין שקיל	9.9
cabbage	כרוב	veg	7290058159628	ג.מ. מעיין אלפיים (07) בע"מ	1725082	כרוב אדום מהדרין	10.9
cabbage	כרוב	veg	7290058177776	סופר יודה	7290000999909	כרוב לבן	6.9
cabbage	כרוב	veg	7290058289400	קי טי יבוא ושווק בע"מ	7290011963071	כרוב לבן	14.9
cabbage	כרוב	veg	7290103152017	אושר עד	7290009000504	כרוב לבן	2.9
cabbage	כרוב	veg	7290455000004	HET_COHEN_NEW_SOURCE	11276690	כרוב  לבן  מהדרין	17.9
cabbage	כרוב	veg	7290492000005	Dor Alon	7290000041308	כרוב אדום	6.9
cabbage	כרוב	veg	7290526500006	Dabach	7290000000007	כרוב לבן	3.9
cabbage	כרוב	veg	7290661400001	מחסני השוק	729001110852	כרוב	15.9
cabbage	כרוב	veg	7290696200003	ויקטורי	7290019462453	כרוב לבן מהדרין	12.9
cabbage	כרוב	veg	7290700100008	חצי חינם	7290000012841	כרוב לבן	2.9
cabbage	כרוב	veg	7290803800003	מ. יוחננוף ובניו	7290000000682	כרוב אדום	2.9
cabbage	כרוב	veg	7290873255550	טיב טעם	4412852	כרוב לבן	4.9
cabbage	כרוב	veg	7290876100000	פרש מרקט	7290000999909	כרוב לבן	3.9
cabbage	כרוב	veg	7291059100008	פוליצר	7290000000009	כרוב ירוק ישראלי	4.9
carrot	גזר	veg	7290000000003	סיטי מרקט	7290000000206	גזר ארוז	5.9
carrot	גזר	veg	7290027600007	שופרסל	7290000912172	גזר ארוז	2.9
carrot	גזר	veg	7290055700007	קרפור	7290000002210	גזר ארוז	4.9
carrot	גזר	veg	7290058108879	אלמשהדאוי קינג סטור בע"מ	777017	גזר ארוז	4.9
carrot	גזר	veg	7290058140886	רמי לוי שיווק השקמה	7290000001021	גזר ארוז	3.9
carrot	גזר	veg	7290058177776	סופר יודה	7290000999914	גזר ארוז	9.9
carrot	גזר	veg	7290058289400	קי טי יבוא ושווק בע"מ	7290006380142	גזר	4.9
carrot	גזר	veg	7290103152017	אושר עד	7290009000313	גזר	3.9
carrot	גזר	veg	7290492000005	Dor Alon	7290000040981	גזר ארוז	6.9
carrot	גזר	veg	7290526500006	Dabach	7290000000024	גזר ארוז	3.9
carrot	גזר	veg	7290661400001	מחסני השוק	7290018825006	גזר ארוז	5.9
carrot	גזר	veg	7290696200003	ויקטורי	7290000654973	גזר ארוז	5.9
carrot	גזר	veg	7290700100008	חצי חינם	7290000012957	גזר בתפזורת	3.9
carrot	גזר	veg	7290803800003	מ. יוחננוף ובניו	7290018825006	גזר ארוז	3.9
carrot	גזר	veg	7290873255550	טיב טעם	7290018825006	גזר	4.9
carrot	גזר	veg	7290876100000	פרש מרקט	7290018825006	גזר ארוז	4.9
carrot	גזר	veg	7291059100008	פוליצר	7290000000003	גזר ישראלי	4.9
cauliflower	כרובית	veg	7290000000003	סיטי מרקט	7290017918075	כרובית ארוז	12.9
cauliflower	כרובית	veg	7290027600007	שופרסל	7290000000176	כרובית	12.9
cauliflower	כרובית	veg	7290058108879	אלמשהדאוי קינג סטור בע"מ	777182	כרובית	10.9
cauliflower	כרובית	veg	7290058140886	רמי לוי שיווק השקמה	7290000000152	כרובית שקיל	9.9
cauliflower	כרובית	veg	7290058156016	אבות אברהם בע"מ	996131	כרובית חסלט	26.9
cauliflower	כרובית	veg	7290103152017	אושר עד	7290003996131	כרובית חסלט	26.9
cauliflower	כרובית	veg	7290492000005	Dor Alon	7290000043920	כרובית	14.9
cauliflower	כרובית	veg	7290526500006	Dabach	7290000000006	כרובית	10.9
cauliflower	כרובית	veg	7290661400001	מחסני השוק	7290003996131	כרובית	26.9
cauliflower	כרובית	veg	7290700100008	חצי חינם	7290000013237	כרובית	9.9
cauliflower	כרובית	veg	7290803800003	מ. יוחננוף ובניו	7290011725310	כרובית מהדרין - משקל	22.9
cauliflower	כרובית	veg	7290873255550	טיב טעם	4412838	כרובית	14.9
cauliflower	כרובית	veg	7290876100000	פרש מרקט	7290000999911	כרובית	11.9
cauliflower	כרובית	veg	7291059100008	פוליצר	7290000000010	כרובית ישראלי	15.9
celery	סלרי	veg	7290055700007	קרפור	693493162371	סלרי שטוף דרלן	29.9
celery	סלרי	veg	7290492000005	Dor Alon	7290015983099	גבעולי סלרי שטוף	30
celery	סלרי	veg	7290639000004	סטופמרקט	7290015983099	שדות בר גבעולי סלרי	30
celery	סלרי	veg	7291059100008	פוליצר	7290015983099	גבעולי סלרי שדות בר	30
cherry	דובדבן	fruit	7290000000003	סיטי מרקט	7290014462311	דובדבן העונה	19.9
cherry	דובדבן	fruit	7290027600007	שופרסל	7290000968018	דובדבן תפזורת	45
cherry	דובדבן	fruit	7290058140886	רמי לוי שיווק השקמה	7290000002155	דובדבן אדום במשקל	38.9
cherry	דובדבן	fruit	7290058148776	שוק העיר (ט.ע.מ.ס.) בע"מ	475212	דובדבן חמוץ טבעי	110
cherry	דובדבן	fruit	7290058177776	סופר יודה	7290000999938	דובדבן תפזורת	59.9
cherry	דובדבן	fruit	7290103152017	אושר עד	7290000908847	דובדבן בשקילה	79
cherry	דובדבן	fruit	7290455000004	HET_COHEN_NEW_SOURCE	7290108202151	דובדבן	39
cherry	דובדבן	fruit	7290492000005	Dor Alon	7290000044316	דובדבנים במשקל	60
cherry	דובדבן	fruit	7290700100008	חצי חינם	7290003486502	דובדבן מתוק	39
cherry	דובדבן	fruit	7290873255550	טיב טעם	1203255	גבינת טבורוג דובדבן	25
cherry	דובדבן	fruit	7290876100000	פרש מרקט	7290000210520	פלפל דובדבן במשקל	39
clementine	קלמנטינה	fruit	7290000000003	סיטי מרקט	7290000000213	קלמנטינה	3.9
clementine	קלמנטינה	fruit	7290027600007	שופרסל	7290000999180	קלמנטינה	6.9
clementine	קלמנטינה	fruit	7290058108879	אלמשהדאוי קינג סטור בע"מ	777118	קלמנטינה	7.9
clementine	קלמנטינה	fruit	7290058140886	רמי לוי שיווק השקמה	7290000000121	קלמנטינה	7.9
clementine	קלמנטינה	fruit	7290058177776	סופר יודה	7290000999819	קלמנטינה/מנדרינה	14.9
clementine	קלמנטינה	fruit	7290103152017	אושר עד	7290009005172	קלמנטינה	7.9
clementine	קלמנטינה	fruit	7290492000005	Dor Alon	7290000041117	קלמנטינה איכות מעולה	11.9
clementine	קלמנטינה	fruit	7290526500006	Dabach	7290000000063	קלמנטינה	11.9
clementine	קלמנטינה	fruit	7290700100008	חצי חינם	7290000014456	קלמנטינה סצומה	8.9
clementine	קלמנטינה	fruit	7290803800003	מ. יוחננוף ובניו	7290000000754	קלמנטינה	4.9
clementine	קלמנטינה	fruit	7290873255550	טיב טעם	4412340	קלמנטינה	8.9
clementine	קלמנטינה	fruit	7290876100000	פרש מרקט	7290000999819	קלמנטינה/מנדרינה	7.9
clementine	קלמנטינה	fruit	7291059100008	פוליצר	7290000000110	קלמנטינה	8.9
coriander	כוסברה	herb	7290027600007	שופרסל	7290000015910	כוסברה במשקל	96
coriander	כוסברה	herb	7290058140886	רמי לוי שיווק השקמה	7290001260494	כוסברה	73.8
coriander	כוסברה	herb	7290058156016	אבות אברהם בע"מ	978572	כוסברה שלם	55
coriander	כוסברה	herb	7290455000004	HET_COHEN_NEW_SOURCE	1621301	כוסברה עלים	99
coriander	כוסברה	herb	7290526500006	Dabach	7290000101096	כוסברה שלמה	30
coriander	כוסברה	herb	7290700100008	חצי חינם	7290000922249	כוסברה עלים	53
coriander	כוסברה	herb	7290803800003	מ. יוחננוף ובניו	7290006214225	כוסברה עלים	100
coriander	כוסברה	herb	7290873255550	טיב טעם	3131211	כוסברה במשקל	39
coriander	כוסברה	herb	7291059100008	פוליצר	7290000000154	פטרוזליה / כוסברה 50	14.9
corn	תירס	veg	7290000000003	סיטי מרקט	7290000000848	תירס	11.9
corn	תירס	veg	7290027600007	שופרסל	7290000999449	תירס ארוז	12.9
corn	תירס	veg	7290058108879	אלמשהדאוי קינג סטור בע"מ	777066	תירס ארוז	8.9
corn	תירס	veg	7290058140886	רמי לוי שיווק השקמה	7290000000848	תירס טרי	8.9
corn	תירס	veg	7290058148776	שוק העיר (ט.ע.מ.ס.) בע"מ	7290017593043	תירס לבן מתוק	9.9
corn	תירס	veg	7290058156016	אבות אברהם בע"מ	7290000000848	תירס החוף ארוז	12.9
corn	תירס	veg	7290058159628	ג.מ. מעיין אלפיים (07) בע"מ	7290000000848	תירס העמק	11.9
corn	תירס	veg	7290058177776	סופר יודה	7290000999936	תירס	19.9
corn	תירס	veg	7290103152017	אושר עד	7290009004281	תירס	6.9
corn	תירס	veg	7290455000004	HET_COHEN_NEW_SOURCE	1620458	תירס ש.	11.9
corn	תירס	veg	7290492000005	Dor Alon	7290000041377	תירס טרי ארוז במשקל	12.9
corn	תירס	veg	7290526500006	Dabach	7290014462847	תירס ארוז	9.9
corn	תירס	veg	7290639000004	סטופמרקט	7290000000848	תירס צהוב טרי ארוז	8.9
corn	תירס	veg	7290661400001	מחסני השוק	124268	תירס.	10.9
corn	תירס	veg	7290696200003	ויקטורי	7290018956007	תירס ארוז	13.9
corn	תירס	veg	7290700100008	חצי חינם	7290000013756	תירס ארוז	7.9
corn	תירס	veg	7290803800003	מ. יוחננוף ובניו	7290011725747	תירס	8.9
corn	תירס	veg	7290873255550	טיב טעם	7290000000636	תירס ארוז	16.9
corn	תירס	veg	7290876100000	פרש מרקט	7290000999936	תירס	9.9
corn	תירס	veg	7291059100008	פוליצר	7290000000918	גרעיני תירס במשקל	7.9
cucumber	מלפפון	veg	7290000000003	סיטי מרקט	910386	מלפפון	8.9
cucumber	מלפפון	veg	7290027600007	שופרסל	7290000913216	מלפפון	4.9
cucumber	מלפפון	veg	7290055700007	קרפור	7290000002600	מלפפון	7.9
cucumber	מלפפון	veg	7290058108879	אלמשהדאוי קינג סטור בע"מ	777004	מלפפון	7.9
cucumber	מלפפון	veg	7290058140886	רמי לוי שיווק השקמה	7290000001101	מלפפון	3.9
cucumber	מלפפון	veg	7290058177776	סופר יודה	7290000999903	מלפפון	13.9
cucumber	מלפפון	veg	7290103152017	אושר עד	7290009000207	מלפפון	4.9
cucumber	מלפפון	veg	7290492000005	Dor Alon	7290015983143	שדות בר מלפפון בייבי	30
cucumber	מלפפון	veg	7290526500006	Dabach	7290000000015	מלפפון	6.9
cucumber	מלפפון	veg	7290639000004	סטופמרקט	7290015983143	מלפפון בייבי שדות בר	30
cucumber	מלפפון	veg	7290700100008	חצי חינם	7290000012865	מלפפון	7.9
cucumber	מלפפון	veg	7290803800003	מ. יוחננוף ובניו	7290000000695	מלפפון	6.9
cucumber	מלפפון	veg	7290873255550	טיב טעם	4412814	מלפפונים	6.9
cucumber	מלפפון	veg	7290876100000	פרש מרקט	7290000999903	מלפפון	7.9
cucumber	מלפפון	veg	7291059100008	פוליצר	7290000000002	מלפפון ישראלי	7.9
date	תמר	fruit	7290000000003	סיטי מרקט	171717	תמר צהוב	19.9
date	תמר	fruit	7290027600007	שופרסל	7290000994703	תמר בהרי	15.9
date	תמר	fruit	7290055700007	קרפור	7290000979778	תמר מג`הול	39
date	תמר	fruit	7290058108879	אלמשהדאוי קינג סטור בע"מ	333899	תמר מגהול מובחר שקיל	49
date	תמר	fruit	7290058134977	שפע ברכת השם בע"מ	612236	תמרים פרימיום	59
date	תמר	fruit	7290058140886	רמי לוי שיווק השקמה	7290001016025	תמר מגהול	45
date	תמר	fruit	7290058148776	שוק העיר (ט.ע.מ.ס.) בע"מ	105680	כדורי תמרים	89
date	תמר	fruit	7290058156016	אבות אברהם בע"מ	978708	תמר ישראלי מיוחד	49
date	תמר	fruit	7290058177776	סופר יודה	7290000999827	תמר צהוב	29.9
date	תמר	fruit	7290103152017	אושר עד	7290009008739	תמר צהוב	15.9
date	תמר	fruit	7290455000004	HET_COHEN_NEW_SOURCE	1621653	תמר בונבן מובחר	49.9
date	תמר	fruit	7290492000005	Dor Alon	7290000042473	תמר צהוב	34.9
date	תמר	fruit	7290526500006	Dabach	7290000102007	תמרים פרימיום	50
date	תמר	fruit	7290639000004	סטופמרקט	7290000005690	תמר עמרי	45
date	תמר	fruit	7290661400001	מחסני השוק	999014	תמר אמרי תפזורת	24.9
date	תמר	fruit	7290696200003	ויקטורי	977805	תמר מיקס	15
date	תמר	fruit	7290700100008	חצי חינם	7290000014067	תמר צהוב	24.9
date	תמר	fruit	7290803800003	מ. יוחננוף ובניו	7290009069341	תמר במשקל	15
date	תמר	fruit	7290873255550	טיב טעם	615714	תמר מגהול	20
date	תמר	fruit	7290876100000	פרש מרקט	7290000999827	תמר צהוב	24.9
date	תמר	fruit	7291059100008	פוליצר	7290000000083	תמר צהוב	24.9
dill	שמיר	herb	7290058140886	רמי לוי שיווק השקמה	7290001260432	שמיר	101.1
dill	שמיר	herb	7290058156016	אבות אברהם בע"מ	978538	שמיר	99
dill	שמיר	herb	7290455000004	HET_COHEN_NEW_SOURCE	1619551	שמיר	110
dill	שמיר	herb	7290526500006	Dabach	7290000048214	שמיר הרינג כבוש	49.9
dill	שמיר	herb	7290639000004	סטופמרקט	7290000004679	שמיר	150
dill	שמיר	herb	7290700100008	חצי חינם	7290000961606	שמיר	50
dill	שמיר	herb	7290873255550	טיב טעם	3213153	שמיר במשקל	99
eggplant	חציל	veg	7290000000003	סיטי מרקט	45784578	חציל בלאדי	12.9
eggplant	חציל	veg	7290027600007	שופרסל	7290000000114	חציל	7.9
eggplant	חציל	veg	7290055700007	קרפור	7290000002350	חציל	7.9
eggplant	חציל	veg	7290058108879	אלמשהדאוי קינג סטור בע"מ	777024	חציל בלדי	5.9
eggplant	חציל	veg	7290058140886	רמי לוי שיווק השקמה	7290000000106	חציל	6.9
eggplant	חציל	veg	7290058177776	סופר יודה	7290000999913	חציל	15.9
eggplant	חציל	veg	7290103152017	אושר עד	7290009001419	חציל	6.9
eggplant	חציל	veg	7290492000005	Dor Alon	7290000040653	חצילים	12.9
eggplant	חציל	veg	7290526500006	Dabach	7290000000993	חצילון בלדי	6.9
eggplant	חציל	veg	7290700100008	חצי חינם	7290000012971	חציל	6.9
eggplant	חציל	veg	7290803800003	מ. יוחננוף ובניו	7290000000661	חציל	4.9
eggplant	חציל	veg	7290873255550	טיב טעם	4412869	חצילים	7.9
eggplant	חציל	veg	7290876100000	פרש מרקט	7290000999913	חציל	8.9
eggplant	חציל	veg	7291059100008	פוליצר	7290000000004	חצילים ישראלי	8.9
fennel	שומר	veg	7290027600007	שופרסל	7290000900513	שומר	8.9
fennel	שומר	veg	7290058108879	אלמשהדאוי קינג סטור בע"מ	777040	שומר	9.9
fennel	שומר	veg	7290058140886	רמי לוי שיווק השקמה	7290000000139	שומר	9.9
fennel	שומר	veg	7290058177776	סופר יודה	7290000999961	שומר	13.9
fennel	שומר	veg	7290103152017	אושר עד	7290009003079	שומר	8.9
fennel	שומר	veg	7290492000005	Dor Alon	7290000041056	שומר	12.9
fennel	שומר	veg	7290526500006	Dabach	7290000000049	שומר	8.9
fennel	שומר	veg	7290700100008	חצי חינם	7290000013428	שומר	7.9
fennel	שומר	veg	7290803800003	מ. יוחננוף ובניו	7290000000775	שומר	5.9
fennel	שומר	veg	7290873255550	טיב טעם	4412388	שומר	9.9
fennel	שומר	veg	7290876100000	פרש מרקט	7290000999961	שומר	8.9
fennel	שומר	veg	7291059100008	פוליצר	7290000000085	שומר	11.9
fig	תאנה	fruit	7290000000003	סיטי מרקט	693693693	תאנה	29.9
fig	תאנה	fruit	7290027600007	שופרסל	7290000966540	תאנים טריות	29.9
fig	תאנה	fruit	7290058108879	אלמשהדאוי קינג סטור בע"מ	777189	תאנים	29.9
fig	תאנה	fruit	7290058140886	רמי לוי שיווק השקמה	7290000000221	תאנים	28.9
fig	תאנה	fruit	7290058177776	סופר יודה	7290000993525	תאנים	44.9
fig	תאנה	fruit	7290455000004	HET_COHEN_NEW_SOURCE	1620090	תאנים תפז  משקל*	79
fig	תאנה	fruit	7290526500006	Dabach	7290000000058	תאנים	29.9
fig	תאנה	fruit	7290661400001	מחסני השוק	3889327	חטיף שזיף/תאנה/תמר אנרגי שקיל	59
fig	תאנה	fruit	7290696200003	ויקטורי	7290014462540	תאנים ישראל תפזורת	30.9
fig	תאנה	fruit	7290803800003	מ. יוחננוף ובניו	7290000977782	'תאנים יבשות גדולות	49
fig	תאנה	fruit	7290873255550	טיב טעם	4412968	תאנים	49.9
fig	תאנה	fruit	7290876100000	פרש מרקט	7290000993525	תאנים	39.9
fig	תאנה	fruit	7291059100008	פוליצר	7290000000043	תאנים	29.9
garlic	שום	veg	7290000000003	סיטי מרקט	7290001710340	שומן כבש	89.9
garlic	שום	veg	7290027600007	שופרסל	7290000933924	שום טרי לפי משקל	15.9
garlic	שום	veg	7290055700007	קרפור	7290000009555	שומן בקר טרי	29.9
garlic	שום	veg	7290058108879	אלמשהדאוי קינג סטור בע"מ	777040	שומר	9.9
garlic	שום	veg	7290058134977	שפע ברכת השם בע"מ	831252	שומן עגל טרי מחפוד	49.9
garlic	שום	veg	7290058140886	רמי לוי שיווק השקמה	7290000000612	שום טרי	15.9
garlic	שום	veg	7290058148776	שוק העיר (ט.ע.מ.ס.) בע"מ	475153	שום גבישי דק	49
garlic	שום	veg	7290058156016	אבות אברהם בע"מ	978536	שומר שלם	55
garlic	שום	veg	7290058177776	סופר יודה	7290000000262	שום טרי	49.9
garlic	שום	veg	7290103152017	אושר עד	7290009002850	שום בתפזורת	19.9
garlic	שום	veg	7290455000004	HET_COHEN_NEW_SOURCE	1622323	שומר  שלם	49
garlic	שום	veg	7290492000005	Dor Alon	7290000043968	שום במשקל	34.9
garlic	שום	veg	7290526500006	Dabach	7290000001274	שום תפזורת	24.9
garlic	שום	veg	7290639000004	סטופמרקט	7290006214577	שום גבישי	75
garlic	שום	veg	7290696200003	ויקטורי	7290000000459	שום תפזורת תוצרת סין	30.9
garlic	שום	veg	7290700100008	חצי חינם	7290002410126	שומן בקר	19.9
garlic	שום	veg	7290785400000	קשת טעמים	7290000859499	שומן אווז ארוז	69.9
garlic	שום	veg	7290803800003	מ. יוחננוף ובניו	407234	שומן כבש	89.9
garlic	שום	veg	7290873255550	טיב טעם	4412388	שומר	9.9
garlic	שום	veg	7290876100000	פרש מרקט	7290000999961	שומר	8.9
garlic	שום	veg	7291059100008	פוליצר	7290000000085	שומר	11.9
ginger	ג'ינג'ר	veg	7290000000003	סיטי מרקט	474747	גינגר	29.9
ginger	ג'ינג'ר	veg	7290027600007	שופרסל	7290000925592	גינגר בתפזורת לפי משקל	29.9
ginger	ג'ינג'ר	veg	7290058108879	אלמשהדאוי קינג סטור בע"מ	777155	זנגביל במשקל	35.9
ginger	ג'ינג'ר	veg	7290058140886	רמי לוי שיווק השקמה	7290000000225	ג'ינג'ר תפזורת	16.9
ginger	ג'ינג'ר	veg	7290058177776	סופר יודה	7290000000381	ג'ינג'ר במשקל	49.9
ginger	ג'ינג'ר	veg	7290058289400	קי טי יבוא ושווק בע"מ	118653	ג'ינג'ר	19.9
ginger	ג'ינג'ר	veg	7290103152017	אושר עד	7290009069518	גינגר במשקל	39
ginger	ג'ינג'ר	veg	7290526500006	Dabach	7290000101118	זנגביל שלם	70
ginger	ג'ינג'ר	veg	7290700100008	חצי חינם	7290000020228	ג'ינג'ר	39
ginger	ג'ינג'ר	veg	7290873255550	טיב טעם	3192779	גינגר מיובש ארוז במשקל אותנטי	59
ginger	ג'ינג'ר	veg	7290876100000	פרש מרקט	7290000999748	גינגר תפזורת	34.9
grapefruit	אשכולית	fruit	7290027600007	שופרסל	7290000964379	אשכולית לבנה	5.9
grapefruit	אשכולית	fruit	7290058140886	רמי לוי שיווק השקמה	7290000000142	אשכולית אדומה	5.9
grapefruit	אשכולית	fruit	7290058177776	סופר יודה	7290000999358	אשכולית אדומה	9.9
grapefruit	אשכולית	fruit	7290492000005	Dor Alon	7290000041124	אשכולית לבנה	9.9
grapefruit	אשכולית	fruit	7290526500006	Dabach	7290000000028	אשכולית לבנה	5.9
grapefruit	אשכולית	fruit	7290700100008	חצי חינם	7290000014319	אשכולית צהובה	5.9
grapefruit	אשכולית	fruit	7290803800003	מ. יוחננוף ובניו	7290000000764	אשכולית אדומה	3.9
grapefruit	אשכולית	fruit	7290873255550	טיב טעם	4412630	אשכוליות	6.9
grapefruit	אשכולית	fruit	7290876100000	פרש מרקט	7290000999358	אשכולית אדומה	6.9
grapefruit	אשכולית	fruit	7291059100008	פוליצר	7290000000087	אשכוליות	6.9
grapes	ענבים	fruit	7290000000003	סיטי מרקט	999555	ענבים	19.9
grapes	ענבים	fruit	7290027600007	שופרסל	7290000925721	ענב לבן	9.9
grapes	ענבים	fruit	7290055700007	קרפור	5678585	ענב סקרלוטה	28.9
grapes	ענבים	fruit	7290058108879	אלמשהדאוי קינג סטור בע"מ	777095	ענב לבן מובחר	14.9
grapes	ענבים	fruit	7290058134977	שפע ברכת השם בע"מ	7290005678318	ענבים אוטום קריספ	39.9
grapes	ענבים	fruit	7290058140886	רמי לוי שיווק השקמה	7290000000256	ענבים בתפזורת	26.8
grapes	ענבים	fruit	7290058148776	שוק העיר (ט.ע.מ.ס.) בע"מ	7290005678486	ענב אדום סייבל  טלי	21.9
grapes	ענבים	fruit	7290058156016	אבות אברהם בע"מ	7290005678585	ענבים סקרלוטה	24.9
grapes	ענבים	fruit	7290058159628	ג.מ. מעיין אלפיים (07) בע"מ	7290000966038	ענבים	19.9
grapes	ענבים	fruit	7290058177776	סופר יודה	7290000999952	ענבים לבנים	29.9
grapes	ענבים	fruit	7290103152017	אושר עד	7290005678059	ענבים ירוקים ענבי טל	19.9
grapes	ענבים	fruit	7290455000004	HET_COHEN_NEW_SOURCE	196852278695	ענב אדום-תפזורת	19.9
grapes	ענבים	fruit	7290492000005	Dor Alon	7290005678318	ענב לבן	24.9
grapes	ענבים	fruit	7290526500006	Dabach	726367812239	ענב ירוק ארוז	14.9
grapes	ענבים	fruit	7290639000004	סטופמרקט	7290005678165	ענבים שחורים טלי	21.9
grapes	ענבים	fruit	7290644700005	YELLOW	9999921016170	ענבים אדומים - במשקל	39.9
grapes	ענבים	fruit	7290661400001	מחסני השוק	5678035	ענבים זני	20.9
grapes	ענבים	fruit	7290696200003	ויקטורי	4251291107435	ענבים שחורים ישראל	25.9
grapes	ענבים	fruit	7290700100008	חצי חינם	7290000008202	ענב לבן  תפזורת	34.9
grapes	ענבים	fruit	7290803800003	מ. יוחננוף ובניו	7290000000740	ענבים לבנים במשקל	24.9
grapes	ענבים	fruit	7290873255550	טיב טעם	7290013128324	ענבים שחורים	27.9
grapes	ענבים	fruit	7290876100000	פרש מרקט	7290000966038	ענבים לבנים	15.9
grapes	ענבים	fruit	7291059100008	פוליצר	7290000000029	ענבים שחורים ישראלי	24.9
green-beans	שעועית ירוקה	veg	7290000000003	סיטי מרקט	88888888	שעועית ירוקה	39.9
green-beans	שעועית ירוקה	veg	7290027600007	שופרסל	7290000994338	שעועית ירוקה במשקל	19.9
green-beans	שעועית ירוקה	veg	7290058108879	אלמשהדאוי קינג סטור בע"מ	777068	שעועית ירוקה	19.9
green-beans	שעועית ירוקה	veg	7290058140886	רמי לוי שיווק השקמה	7290000000176	שעועית ירוקה	19.9
green-beans	שעועית ירוקה	veg	7290058177776	סופר יודה	7290000991023	שעועית ירוקה	39.9
green-beans	שעועית ירוקה	veg	7290526500006	Dabach	7290000000059	שעועית ירוקה בלדי	29.9
green-beans	שעועית ירוקה	veg	7290700100008	חצי חינם	7290000013374	שעועית ירוקה	29.9
green-beans	שעועית ירוקה	veg	7290803800003	מ. יוחננוף ובניו	7290000054285	שעועית ירוקה ברוטב	45
green-beans	שעועית ירוקה	veg	7290873255550	טיב טעם	9913415	שעועית ירוקה/צהו	24.9
green-beans	שעועית ירוקה	veg	7290876100000	פרש מרקט	7290000991023	שעועית ירוקה	9.9
green-beans	שעועית ירוקה	veg	7291059100008	פוליצר	7290000000014	שעועית ירוקה ישראלי	24.9
green-peas	אפונה	veg	7290000000003	סיטי מרקט	7290005282560	אפונה מטוגנת.	49
green-peas	אפונה	veg	7290027600007	שופרסל	7290001970676	אפונה שקיל	12
green-peas	אפונה	veg	7290058108879	אלמשהדאוי קינג סטור בע"מ	777073	אפונה	34.9
green-peas	אפונה	veg	7290058140886	רמי לוי שיווק השקמה	7290001751183	אפונה משקל	11
green-peas	אפונה	veg	7290058148776	שוק העיר (ט.ע.מ.ס.) בע"מ	976532	אפונה מטוגנת	50
green-peas	אפונה	veg	7290058177776	סופר יודה	7290000000125	אפונה מטוגנת "חממה"	44.9
green-peas	אפונה	veg	7290455000004	HET_COHEN_NEW_SOURCE	1621394	אפונה צהובה ש.	8
green-peas	אפונה	veg	7290526500006	Dabach	7290000101128	אפונה חצאים	10
green-peas	אפונה	veg	7290639000004	סטופמרקט	7290000960715	אפונה מטוגנת	50
green-peas	אפונה	veg	7290700100008	חצי חינם	7290000006345	אפונה קנדית	8
green-peas	אפונה	veg	7290785400000	קשת טעמים	555587	משקל---אפונה צהובה	7.9
green-peas	אפונה	veg	7290803800003	מ. יוחננוף ובניו	7290000976532	אפונה תפזורת	45
green-peas	אפונה	veg	7290873255550	טיב טעם	8773270	אפונה במשקל	13.9
green-peas	אפונה	veg	7290876100000	פרש מרקט	7290000999805	אפונה ירוקה	19.9
green-peas	אפונה	veg	7291059100008	פוליצר	7290000000136	אפונה	24.9
guava	גויאבה	fruit	7290000000003	סיטי מרקט	7290017513768	גויאבה	29.9
guava	גויאבה	fruit	7290027600007	שופרסל	7290000966625	גויאבה	17.9
guava	גויאבה	fruit	7290058108879	אלמשהדאוי קינג סטור בע"מ	777106	גויאבה	29.9
guava	גויאבה	fruit	7290058140886	רמי לוי שיווק השקמה	7290000000194	גויאבה	28.6
guava	גויאבה	fruit	7290058177776	סופר יודה	7290000999832	גויבה	39.9
guava	גויאבה	fruit	7290492000005	Dor Alon	7290000041193	גויאבה	49.9
guava	גויאבה	fruit	7290526500006	Dabach	7290000000072	גויאבה	29.9
guava	גויאבה	fruit	7290876100000	פרש מרקט	7290000999832	גויבה	24.9
guava	גויאבה	fruit	7291059100008	פוליצר	7290000000138	גויאבה	24.9
horseradish	חזרת	veg	7290000000003	סיטי מרקט	93693655	חזרת	39.9
horseradish	חזרת	veg	7290027600007	שופרסל	7290000000398	חזרת	39.9
horseradish	חזרת	veg	7290058140886	רמי לוי שיווק השקמה	7290000000170	חזרת	59.9
horseradish	חזרת	veg	7290058177776	סופר יודה	7290000992264	חזרת	54.9
horseradish	חזרת	veg	7290455000004	HET_COHEN_NEW_SOURCE	5040702	חזרת	44.9
horseradish	חזרת	veg	7290492000005	Dor Alon	7290002802464	חזרת 3 ק"ג	49.9
horseradish	חזרת	veg	7290526500006	Dabach	7290000001267	חזרת	49.9
horseradish	חזרת	veg	7290696200003	ויקטורי	7290005040702	חזרת ישראל	40.9
horseradish	חזרת	veg	7290700100008	חצי חינם	7290000013411	חזרת	49.9
horseradish	חזרת	veg	7290803800003	מ. יוחננוף ובניו	7290000000781	חזרת	39.9
horseradish	חזרת	veg	7290873255550	טיב טעם	4412333	חזרת	64.9
horseradish	חזרת	veg	7290876100000	פרש מרקט	7290000992264	חזרת	44.9
horseradish	חזרת	veg	7291059100008	פוליצר	7290000003436	חזרת ביתית	52.9
jerusalem-artichoke	ארטישוק ירושלמי	veg	7290027600007	שופרסל	7290000000589	ארטישוק/תפו"א ירושלמי	19.9
jerusalem-artichoke	ארטישוק ירושלמי	veg	7290492000005	Dor Alon	7290000043937	ארטישוק ירושלמי	29.9
jerusalem-artichoke	ארטישוק ירושלמי	veg	7290526500006	Dabach	7290000000067	ארטישוק ירושלמי	27.9
jerusalem-artichoke	ארטישוק ירושלמי	veg	7290876100000	פרש מרקט	7290014015104	ארטישוק ירושלמי	17.9
kiwi	קיווי	fruit	7290027600007	שופרסל	7290000913667	קיווי	18.9
kiwi	קיווי	fruit	7290058108879	אלמשהדאוי קינג סטור בע"מ	777338	קיווי יבוא	24.9
kiwi	קיווי	fruit	7290058140886	רמי לוי שיווק השקמה	7290000000120	קיווי	17.9
kiwi	קיווי	fruit	7290058177776	סופר יודה	7290000993621	קיווי	49.9
kiwi	קיווי	fruit	7290103152017	אושר עד	7290009006308	קיווי	29.9
kiwi	קיווי	fruit	7290492000005	Dor Alon	7290002204275	קיווי	15.9
kiwi	קיווי	fruit	7290526500006	Dabach	7290000000038	קיווי ירוק	29.9
kiwi	קיווי	fruit	7290700100008	חצי חינם	7290000013947	קיווי ירוק	34.9
kiwi	קיווי	fruit	7290803800003	מ. יוחננוף ובניו	7290000000757	קיווי	9.9
kiwi	קיווי	fruit	7290873255550	טיב טעם	4412418	קיווי	22.9
kiwi	קיווי	fruit	7290876100000	פרש מרקט	7290000999821	קיווי	29.9
kohlrabi	קולורבי	veg	7290027600007	שופרסל	7290000000220	קולורבי	12.9
kohlrabi	קולורבי	veg	7290058108879	אלמשהדאוי קינג סטור בע"מ	777184	קולורבי	7.9
kohlrabi	קולורבי	veg	7290058140886	רמי לוי שיווק השקמה	7290000000167	קולורבי	7.9
kohlrabi	קולורבי	veg	7290058177776	סופר יודה	7290000999955	קולורבי	14.9
kohlrabi	קולורבי	veg	7290103152017	אושר עד	7290009001709	קולורבי	7.9
kohlrabi	קולורבי	veg	7290492000005	Dor Alon	7290000040738	קולורבי	11.9
kohlrabi	קולורבי	veg	7290526500006	Dabach	7290000000078	קולורבי	8.9
kohlrabi	קולורבי	veg	7290700100008	חצי חינם	7290000013343	קולורבי	7.9
kohlrabi	קולורבי	veg	7290803800003	מ. יוחננוף ובניו	7290000000756	קולורבי	5.9
kohlrabi	קולורבי	veg	7290876100000	פרש מרקט	7290000999955	קולורבי	8.9
kohlrabi	קולורבי	veg	7291059100008	פוליצר	7290000000063	קולורבי	9.9
leek	כרישה	veg	7290000000003	סיטי מרקט	588956	כרישה	19.9
leek	כרישה	veg	7290027600007	שופרסל	7290000000336	לוף/כרישה	14.9
leek	כרישה	veg	7290055700007	קרפור	15983051	לוף/כרישה שטוף שדות	30
leek	כרישה	veg	7290058108879	אלמשהדאוי קינג סטור בע"מ	777051	לוף	9.9
leek	כרישה	veg	7290058177776	סופר יודה	7290000999831	לוף	19.9
leek	כרישה	veg	7290058289400	קי טי יבוא ושווק בע"מ	9988768909	לוף	14.9
leek	כרישה	veg	7290492000005	Dor Alon	7290000044040	כרישה  לוף במשקל	17.9
leek	כרישה	veg	7290526500006	Dabach	7290000000666	לוף תפזורת	14.9
leek	כרישה	veg	7290639000004	סטופמרקט	7290019693765	לוף כרישה שטופה	30
leek	כרישה	veg	7290661400001	מחסני השוק	570952	לוף שקיל	17.9
leek	כרישה	veg	7290700100008	חצי חינם	7290000013244	כרישה	19.9
leek	כרישה	veg	7290873255550	טיב טעם	4412135	לוף	29.9
leek	כרישה	veg	7290876100000	פרש מרקט	7290000999831	לוף	14.9
leek	כרישה	veg	7291059100008	פוליצר	7290000000049	כרישה (לוף  פראסה)	19.9
lemon	לימון	fruit	7290000000003	סיטי מרקט	0547545	לימון בחוץ	9.9
lemon	לימון	fruit	7290027600007	שופרסל	7290000999951	לימון	8.9
lemon	לימון	fruit	7290058108879	אלמשהדאוי קינג סטור בע"מ	777123	לימון	7.9
lemon	לימון	fruit	7290058140886	רמי לוי שיווק השקמה	7290000001117	לימון	5
lemon	לימון	fruit	7290058177776	סופר יודה	7290000999953	לימון	18.9
lemon	לימון	fruit	7290103152017	אושר עד	7290009005301	לימון	8.9
lemon	לימון	fruit	7290492000005	Dor Alon	7290000041087	לימון	16.9
lemon	לימון	fruit	7290526500006	Dabach	7290000000001	לימון	7.9
lemon	לימון	fruit	7290661400001	מחסני השוק	2862080	לימון שקיל	29.9
lemon	לימון	fruit	7290700100008	חצי חינם	7290000014296	לימון	11.9
lemon	לימון	fruit	7290803800003	מ. יוחננוף ובניו	7290000000691	לימון	3.9
lemon	לימון	fruit	7290873255550	טיב טעם	4412586	לימון	10.9
lemon	לימון	fruit	7290876100000	פרש מרקט	7290000999953	לימון	8.9
lemon	לימון	fruit	7291059100008	פוליצר	7290000000064	לימון ישראלי	10.9
lettuce	חסה	veg	7290000000003	סיטי מרקט	7290010690206	חסה צבעונית	9.9
lettuce	חסה	veg	7290055700007	קרפור	693493162388	חסה  דרלן	29.9
lettuce	חסה	veg	7290492000005	Dor Alon	7290015983006	חסה רומית שדות בר	30
lettuce	חסה	veg	7290639000004	סטופמרקט	7290112843029	חסה רומית שטופה משק	30
lettuce	חסה	veg	7290876100000	פרש מרקט	7290000999126	חסה ערבית אדומה	3.9
lettuce	חסה	veg	7291059100008	פוליצר	7290015983006	חסה רומית שדות בר	30
loquat	שסק	fruit	7290027600007	שופרסל	7290000096056	שסק במשקל	20
loquat	שסק	fruit	7290058108879	אלמשהדאוי קינג סטור בע"מ	777094	שסק במשקל	24.9
loquat	שסק	fruit	7290058140886	רמי לוי שיווק השקמה	7290000000181	שסק	19.4
loquat	שסק	fruit	7290058177776	סופר יודה	7290000999665	שסק שקיל	39.9
loquat	שסק	fruit	7290492000005	Dor Alon	7290112849977	שסק במשקל	29.9
loquat	שסק	fruit	7290526500006	Dabach	7290000000052	שסק	24.9
loquat	שסק	fruit	7290661400001	מחסני השוק	7290112849977	שסק	22.9
loquat	שסק	fruit	7290700100008	חצי חינם	7290000007526	שסק שקיל	19.9
loquat	שסק	fruit	7290873255550	טיב טעם	7290017593029	שסק	29.9
loquat	שסק	fruit	7290876100000	פרש מרקט	7290000999665	שסק שקיל	28.9
loquat	שסק	fruit	7291059100008	פוליצר	7290000000082	שסק	18.9
lychee	ליצ'י	fruit	7290027600007	שופרסל	7290000966700	ליצי במשקל	30
lychee	ליצ'י	fruit	7290058108879	אלמשהדאוי קינג סטור בע"מ	777134	ליצ'י תפזורת	29.9
lychee	ליצ'י	fruit	7290058140886	רמי לוי שיווק השקמה	7290000000218	ליצ'י במשקל	24.9
lychee	ליצ'י	fruit	7290058177776	סופר יודה	7290009001272	ליצ'י תפזורת שקיל	39.9
lychee	ליצ'י	fruit	7290103152017	אושר עד	7290009006575	ליצי	29.9
lychee	ליצ'י	fruit	7290526500006	Dabach	7290000000306	ליצ'י תפזורת	39.9
lychee	ליצ'י	fruit	7290696200003	ויקטורי	7290002204886	ליצי ורוד ישראל תפזורת.	31
lychee	ליצ'י	fruit	7290700100008	חצי חינם	7290000021072	ליצ'י	29.9
lychee	ליצ'י	fruit	7290785400000	קשת טעמים	7290000003028	סטייק סטוליצני	119
lychee	ליצ'י	fruit	7290873255550	טיב טעם	3213429	ליצי קוביות במשקל	100
lychee	ליצ'י	fruit	7290876100000	פרש מרקט	7290009001272	ליצי בתפזורת	60
lychee	ליצ'י	fruit	7291059100008	פוליצר	7290000000030	ליצ י	29.9
mango	מנגו	fruit	7290027600007	שופרסל	7290000998329	מנגו	9.9
mango	מנגו	fruit	7290058108879	אלמשהדאוי קינג סטור בע"מ	777105	מנגו	14.9
mango	מנגו	fruit	7290058140886	רמי לוי שיווק השקמה	7290000000118	מנגו	10.9
mango	מנגו	fruit	7290058177776	סופר יודה	7290000999954	מנגו	24.9
mango	מנגו	fruit	7290103152017	אושר עד	7290009006551	מנגו	9.9
mango	מנגו	fruit	7290492000005	Dor Alon	7290000041964	מנגו	19.9
mango	מנגו	fruit	7290526500006	Dabach	7290000000071	מנגו	14.9
mango	מנגו	fruit	7290696200003	ויקטורי	978321	מנגו מסוכר	40
mango	מנגו	fruit	7290700100008	חצי חינם	7290000014579	מנגו שלי	15.9
mango	מנגו	fruit	7290873255550	טיב טעם	4412579	מנגו	16.9
mango	מנגו	fruit	7290876100000	פרש מרקט	7290000999954	מנגו	14.9
mango	מנגו	fruit	7291059100008	פוליצר	7290000000096	מנגו  ישראלי	14.9
melon	מלון	fruit	7290000000003	סיטי מרקט	0547565	מילון בחוץ	6.9
melon	מלון	fruit	7290027600007	שופרסל	7290000965055	מלון מובחר	4.9
melon	מלון	fruit	7290055700007	קרפור	7290000001944	מלון פונטו	5.9
melon	מלון	fruit	7290058108879	אלמשהדאוי קינג סטור בע"מ	777085	מלון כתום	4.9
melon	מלון	fruit	7290058140886	רמי לוי שיווק השקמה	7290000000140	מלון	4.9
melon	מלון	fruit	7290058177776	סופר יודה	7290000999950	מלון	10.9
melon	מלון	fruit	7290103152017	אושר עד	7290009003109	מלון	3.9
melon	מלון	fruit	7290492000005	Dor Alon	7290000040998	מלון	7.9
melon	מלון	fruit	7290526500006	Dabach	7290000000018	מלון	4.9
melon	מלון	fruit	7290700100008	חצי חינם	7290000013268	מלון	5.9
melon	מלון	fruit	7290803800003	מ. יוחננוף ובניו	7290000000696	מלון	5.9
melon	מלון	fruit	7290873255550	טיב טעם	4412807	מלון	5.9
melon	מלון	fruit	7290876100000	פרש מרקט	7290000999950	מלון.	4.9
melon	מלון	fruit	7291059100008	פוליצר	7290000000078	מלון ישראלי	6.9
mint	נענע	herb	7290058148776	שוק העיר (ט.ע.מ.ס.) בע"מ	596529	נענע קצוצה	89
mint	נענע	herb	7290526500006	Dabach	7290000101089	עלי נענע	100
mushroom	פטריות	veg	7290000000003	סיטי מרקט	5291848000061	פטריות	11.9
mushroom	פטריות	veg	7290027600007	שופרסל	7290000098951	פטריות שמפיניוןן תפזורת	34.9
mushroom	פטריות	veg	7290055700007	קרפור	7290000000114	פטריות חורש תפזורת	39.9
mushroom	פטריות	veg	7290058108879	אלמשהדאוי קינג סטור בע"מ	777152	פטריות פורטבולו	39.9
mushroom	פטריות	veg	7290058140886	רמי לוי שיווק השקמה	7290000000333	פטריות במשקל	29.9
mushroom	פטריות	veg	7290103152017	אושר עד	7290009003246	פטריות במשקל	29.9
mushroom	פטריות	veg	7290492000005	Dor Alon	7290000044453	פטריות פורטבלה שקיל	49.9
mushroom	פטריות	veg	7290526500006	Dabach	7290000000252	פטריות שמפניון א א	29.9
mushroom	פטריות	veg	7290661400001	מחסני השוק	571019	פטריות פורטבלו מגה	45.9
mushroom	פטריות	veg	7290696200003	ויקטורי	7290006265524	פטריות יער תפזורת ישראל	39.9
mushroom	פטריות	veg	7290700100008	חצי חינם	7290000026862	פטריות ספרדי	60
mushroom	פטריות	veg	7290803800003	מ. יוחננוף ובניו	7290000000666	פטריות בתפזורת	31.9
mushroom	פטריות	veg	7290873255550	טיב טעם	4412937	פטריות בתפזורת	38.9
mushroom	פטריות	veg	7290876100000	פרש מרקט	7290000008666	פטריות חום	39.9
mushroom	פטריות	veg	7291059100008	פוליצר	7290000000155	פטריות חורש במשקל	34.9
nectarine	נקטרינה	fruit	7290000000003	סיטי מרקט	996699	נקטרינה	24.9
nectarine	נקטרינה	fruit	7290027600007	שופרסל	7290000999883	נקטרינה	14.9
nectarine	נקטרינה	fruit	7290058108879	אלמשהדאוי קינג סטור בע"מ	777091	נקטרינה	16.9
nectarine	נקטרינה	fruit	7290058140886	רמי לוי שיווק השקמה	7290000000182	נקטרינה	15.9
nectarine	נקטרינה	fruit	7290058177776	סופר יודה	7290000999948	נקטרינה	32.9
nectarine	נקטרינה	fruit	7290103152017	אושר עד	7290009007206	נקטרינה	14.9
nectarine	נקטרינה	fruit	7290492000005	Dor Alon	7290000041179	נקטרינה	24.9
nectarine	נקטרינה	fruit	7290526500006	Dabach	7290000000065	נקטרינה	15.9
nectarine	נקטרינה	fruit	7290700100008	חצי חינם	7290000014364	נקטרינה אדומה	19.9
nectarine	נקטרינה	fruit	7290873255550	טיב טעם	4412555	נקטרינה	22.9
nectarine	נקטרינה	fruit	7290876100000	פרש מרקט	7290000999948	נקטרינה	16.9
nectarine	נקטרינה	fruit	7291059100008	פוליצר	7290000000058	נקטרינה ישראלי	16.9
okra	במיה	veg	7290055700007	קרפור	7290000001969	במיה בלאדי	24.9
okra	במיה	veg	7290058108879	אלמשהדאוי קינג סטור בע"מ	777074	במיה	24.9
okra	במיה	veg	7290058140886	רמי לוי שיווק השקמה	7290000000223	במיה	18.9
okra	במיה	veg	7290058177776	סופר יודה	7290000992382	במיה	25
okra	במיה	veg	7290455000004	HET_COHEN_NEW_SOURCE	7290004237188	במיה 1 קג	17.9
okra	במיה	veg	7290526500006	Dabach	7290000000238	במיה	24.9
okra	במיה	veg	7290803800003	מ. יוחננוף ובניו	7290000911366	במיה ברוטב עגבניות	45
okra	במיה	veg	7290876100000	פרש מרקט	7290000992382	במיה	29.9
okra	במיה	veg	7291059100008	פוליצר	7290000000090	במיה	24.9
onion	בצל	veg	7290027600007	שופרסל	7290000000480	בצל יבש	4.9
onion	בצל	veg	7290055700007	קרפור	7290000002108	בצל יבש	4.9
onion	בצל	veg	7290058108879	אלמשהדאוי קינג סטור בע"מ	777013	בצל יבש	4.9
onion	בצל	veg	7290058140886	רמי לוי שיווק השקמה	7290000000108	בצל יבש	3.9
onion	בצל	veg	7290058177776	סופר יודה	7290000999919	בצל יבש	7.9
onion	בצל	veg	7290103152017	אושר עד	7290009000900	בצל	4.9
onion	בצל	veg	7290492000005	Dor Alon	7290000043166	בצל יבש	7.9
onion	בצל	veg	7290526500006	Dabach	7290000000004	בצל יבש	3.9
onion	בצל	veg	7290696200003	ויקטורי	7290013090959	בצל יבש ארוז אורגני ישראל* *	10.9
onion	בצל	veg	7290700100008	חצי חינם	7290000012919	בצל יבש	3.9
onion	בצל	veg	7290803800003	מ. יוחננוף ובניו	7290000000620	בצל יבש	4.9
onion	בצל	veg	7290873255550	טיב טעם	9913019	בצל יבש	4.9
onion	בצל	veg	7290876100000	פרש מרקט	7290000999919	בצל יבש	4.9
onion	בצל	veg	7291059100008	פוליצר	7290000000017	בצל יבש ישראלי	4.9
onion-green	בצל ירוק	veg	7290055700007	קרפור	693493162340	בצל ירוק שטוף דרלן	29.9
onion-green	בצל ירוק	veg	7290492000005	Dor Alon	7290015983075	בצל ירוק שטוף שדות	30
onion-green	בצל ירוק	veg	7290639000004	סטופמרקט	7290015983075	שדות בר בצל ירוק	30
onion-green	בצל ירוק	veg	7291059100008	פוליצר	7290015983075	בצל ירוק שטוף שדות ב	30
onion-purple	בצל סגול	veg	7290027600007	שופרסל	7290000955575	בצל אדום	5.9
onion-purple	בצל סגול	veg	7290055700007	קרפור	7290000002015	בצל אדום	5.9
onion-purple	בצל סגול	veg	7290058108879	אלמשהדאוי קינג סטור בע"מ	777014	בצל אדום	8.9
onion-purple	בצל סגול	veg	7290058140886	רמי לוי שיווק השקמה	7290000000289	בצל אדום	5.9
onion-purple	בצל סגול	veg	7290058177776	סופר יודה	7290000999920	בצל סגול	9.9
onion-purple	בצל סגול	veg	7290103152017	אושר עד	7290009000931	בצל אדום	5.9
onion-purple	בצל סגול	veg	7290526500006	Dabach	7290000000229	בצל סגול	5.9
onion-purple	בצל סגול	veg	7290661400001	מחסני השוק	571080	בצל אדום קלוף	7.9
onion-purple	בצל סגול	veg	7290700100008	חצי חינם	7290000013107	בצל אדום	5.9
onion-purple	בצל סגול	veg	7290803800003	מ. יוחננוף ובניו	7290000000619	בצל אדום	4.9
onion-purple	בצל סגול	veg	7290873255550	טיב טעם	4412500	בצל אדום	6.9
onion-purple	בצל סגול	veg	7290876100000	פרש מרקט	7290000999920	בצל סגול	4.9
onion-purple	בצל סגול	veg	7291059100008	פוליצר	7290000000062	בצל אדום ישראלי	4.9
orange	תפוז	fruit	7290000000003	סיטי מרקט	24603400000207	תפוזים	12.9
orange	תפוז	fruit	7290027600007	שופרסל	7290000999197	תפוז	5.9
orange	תפוז	fruit	7290058108879	אלמשהדאוי קינג סטור בע"מ	777115	תפוזים	5.9
orange	תפוז	fruit	7290058140886	רמי לוי שיווק השקמה	7290000000122	תפוז	6.9
orange	תפוז	fruit	7290058177776	סופר יודה	7290000999988	תפוז	14.9
orange	תפוז	fruit	7290103152017	אושר עד	7290009005080	תפוז	5.9
orange	תפוז	fruit	7290492000005	Dor Alon	7290000041094	תפוז	8.9
orange	תפוז	fruit	7290526500006	Dabach	7290000000002	תפוזים	6.9
orange	תפוז	fruit	7290661400001	מחסני השוק	965208	תפוז סיני	14.9
orange	תפוז	fruit	7290700100008	חצי חינם	7290000014463	תפוז ארוז	4.9
orange	תפוז	fruit	7290803800003	מ. יוחננוף ובניו	7290000000797	תפוז	3.9
orange	תפוז	fruit	7290873255550	טיב טעם	4412432	תפוזים	8.9
orange	תפוז	fruit	7290876100000	פרש מרקט	7290000999988	תפוז	6.9
orange	תפוז	fruit	7291059100008	פוליצר	7290000000088	תפוזים ישראלי	7.9
papaya	פפאיה	fruit	7290000000003	סיטי מרקט	666668	פפאיה	14.9
papaya	פפאיה	fruit	7290027600007	שופרסל	7290000966465	פפאיה	39.9
papaya	פפאיה	fruit	7290055700007	קרפור	7290000078359	פפאיה	30
papaya	פפאיה	fruit	7290058108879	אלמשהדאוי קינג סטור בע"מ	333050	פפאיה במשקל	50
papaya	פפאיה	fruit	7290058140886	רמי לוי שיווק השקמה	7290000000202	פפאיה	18.9
papaya	פפאיה	fruit	7290058177776	סופר יודה	7290000995353	פפאיה	44.9
papaya	פפאיה	fruit	7290492000005	Dor Alon	7290000042183	פפאיה	24.9
papaya	פפאיה	fruit	7290526500006	Dabach	7290000000074	פפאיה כתומה	19.9
papaya	פפאיה	fruit	7290661400001	מחסני השוק	912247	פפאיה	30.5
papaya	פפאיה	fruit	7290696200003	ויקטורי	978413	פפאיה רצועות	34
papaya	פפאיה	fruit	7290700100008	חצי חינם	7290000013985	פפאיה	19.9
papaya	פפאיה	fruit	7290873255550	טיב טעם	3131334	פפאיה	45
papaya	פפאיה	fruit	7290876100000	פרש מרקט	7290000995353	פפאיה	17.9
papaya	פפאיה	fruit	7291059100008	פוליצר	7290001588499	פפאיה אורגנית שקיל א	22.9
parsley	פטרוזיליה	herb	7290027600007	שופרסל	7290000913377	שורש פטרוזיליה	30
parsley	פטרוזיליה	herb	7290058140886	רמי לוי שיווק השקמה	7290001260487	פטרוזיליה	115.2
parsley	פטרוזיליה	herb	7290058156016	אבות אברהם בע"מ	978583	פטרוזיליה עלים	100
parsley	פטרוזיליה	herb	7290492000005	Dor Alon	7290000359441	פטרוזיליה	5.9
parsley	פטרוזיליה	herb	7290526500006	Dabach	7290000101100	עלי פטרוזיליה	100
parsley	פטרוזיליה	herb	7290700100008	חצי חינם	7290000960234	פטרוזיליה	52
parsley	פטרוזיליה	herb	7290803800003	מ. יוחננוף ובניו	7290006214324	פטרוזיליה עלים	100
parsley	פטרוזיליה	herb	7290873255550	טיב טעם	3213900	פטרוזיליה במשקל	130
passionfruit	פסיפלורה	fruit	7290000000003	סיטי מרקט	6544478	פסיפלורה	19.9
passionfruit	פסיפלורה	fruit	7290027600007	שופרסל	7290000914152	פסיפלורה	34.9
passionfruit	פסיפלורה	fruit	7290058108879	אלמשהדאוי קינג סטור בע"מ	777881	פסיפלורה במשקל	32
passionfruit	פסיפלורה	fruit	7290492000005	Dor Alon	7290000046273	פסיפלורה במשקל	59.9
passionfruit	פסיפלורה	fruit	7290873255550	טיב טעם	3131914	פסיפלורה מסוכרת	109
peach	אפרסק	fruit	7290000000003	סיטי מרקט	313222	אפרסק	9.9
peach	אפרסק	fruit	7290027600007	שופרסל	7290000964089	אפרסק	9.9
peach	אפרסק	fruit	7290058108879	אלמשהדאוי קינג סטור בע"מ	777089	אפרסק	16.9
peach	אפרסק	fruit	7290058140886	רמי לוי שיווק השקמה	7290000001183	אפרסק	5
peach	אפרסק	fruit	7290058177776	סופר יודה	7290000999826	אפרסק	26.9
peach	אפרסק	fruit	7290103152017	אושר עד	7290009005950	אפרסק	12.9
peach	אפרסק	fruit	7290492000005	Dor Alon	7290000040776	אפרסק	24.9
peach	אפרסק	fruit	7290526500006	Dabach	7290000000064	אפרסק	14.9
peach	אפרסק	fruit	7290700100008	חצי חינם	7290000013916	אפרסק לבן	14.9
peach	אפרסק	fruit	7290873255550	טיב טעם	9913026	אפרסק	22.9
peach	אפרסק	fruit	7290876100000	פרש מרקט	7290000999826	אפרסק	16.9
peach	אפרסק	fruit	7291059100008	פוליצר	7290000000057	אפרסק ישראלי	14.9
pear	אגס	fruit	7290000000003	סיטי מרקט	6937374900244	אגס תפוח	14.9
pear	אגס	fruit	7290027600007	שופרסל	7290000999999	אגס	8.9
pear	אגס	fruit	7290055700007	קרפור	7290000005013	אגס	14.9
pear	אגס	fruit	7290058108879	אלמשהדאוי קינג סטור בע"מ	777086	אגסים	12.9
pear	אגס	fruit	7290058140886	רמי לוי שיווק השקמה	7290000000113	אגס	13.9
pear	אגס	fruit	7290058177776	סופר יודה	7290000999945	אגס	29.9
pear	אגס	fruit	7290103152017	אושר עד	7290009006063	אגס	13.9
pear	אגס	fruit	7290455000004	HET_COHEN_NEW_SOURCE	6937374900602	אגס נשי  חום	18.9
pear	אגס	fruit	7290492000005	Dor Alon	7290000041186	אגס	18.9
pear	אגס	fruit	7290526500006	Dabach	7290000000039	אגס	14.9
pear	אגס	fruit	7290639000004	סטופמרקט	7290000000607	אגס תפוח נאשי	15.9
pear	אגס	fruit	7290700100008	חצי חינם	7290000014647	אגס ארגנטינאי	9.9
pear	אגס	fruit	7290803800003	מ. יוחננוף ובניו	7290000000602	אגס	11.9
pear	אגס	fruit	7290873255550	טיב טעם	4412623	אגסים	15.9
pear	אגס	fruit	7290876100000	פרש מרקט	7290000999945	אגס	16.9
pear	אגס	fruit	7291059100008	פוליצר	7290000000081	אגסים ישראלי	15.9
pepper	פלפל	veg	7290000000003	סיטי מרקט	054752	פלפלים בחוץ	12.9
pepper	פלפל	veg	7290027600007	שופרסל	7290000961248	פלפל כתום	6.4
pepper	פלפל	veg	7290055700007	קרפור	7290000003222	פלפל ירוק	11.9
pepper	פלפל	veg	7290058108879	אלמשהדאוי קינג סטור בע"מ	777026	פלפל ירוק	9.9
pepper	פלפל	veg	7290058140886	רמי לוי שיווק השקמה	7290000000104	פלפל אדום	8.9
pepper	פלפל	veg	7290058177776	סופר יודה	7290000999904	פלפל ירוק	16.9
pepper	פלפל	veg	7290058289400	קי טי יבוא ושווק בע"מ	11104008	פלפל צבעוני	10.9
pepper	פלפל	veg	7290103152017	אושר עד	7290009001501	פלפל אדום	8.9
pepper	פלפל	veg	7290492000005	Dor Alon	7290000040684	פלפל ירוק	12.9
pepper	פלפל	veg	7290526500006	Dabach	7290000000013	פלפל ירוק	8.9
pepper	פלפל	veg	7290639000004	סטופמרקט	7290112843043	פלפלונים שטופים משק	30
pepper	פלפל	veg	7290661400001	מחסני השוק	7290101501206	פלפל מתוק	9.9
pepper	פלפל	veg	7290696200003	ויקטורי	7290017800028	פלפל שושקה מתוק	14.9
pepper	פלפל	veg	7290700100008	חצי חינם	7290000900704	פלפל	33
pepper	פלפל	veg	7290803800003	מ. יוחננוף ובניו	7290000000648	פלפל כתום	6.9
pepper	פלפל	veg	7290873255550	טיב טעם	9913002	פלפל אדום	8.9
pepper	פלפל	veg	7290876100000	פרש מרקט	7290000999904	פלפל ירוק	8.9
pepper	פלפל	veg	7291059100008	פוליצר	7290000000148	פלפלונים במשקל	19.9
pepper-hot	פלפל חריף	veg	7290027600007	שופרסל	7290000913209	פלפל חריף	5.6
pepper-hot	פלפל חריף	veg	7290055700007	קרפור	7290000003057	פלפל חריף	9.9
pepper-hot	פלפל חריף	veg	7290058108879	אלמשהדאוי קינג סטור בע"מ	777031	פלפל חריף	9.9
pepper-hot	פלפל חריף	veg	7290058140886	רמי לוי שיווק השקמה	7290000000132	פלפל חריף	9.9
pepper-hot	פלפל חריף	veg	7290058177776	סופר יודה	7290000999908	פלפל חריף	19.9
pepper-hot	פלפל חריף	veg	7290103152017	אושר עד	7290009001525	פלפל חריף	8.9
pepper-hot	פלפל חריף	veg	7290492000005	Dor Alon	7290000040691	פלפל חריף	16.9
pepper-hot	פלפל חריף	veg	7290526500006	Dabach	7290000000667	פלפל חריף ארוז	8.9
pepper-hot	פלפל חריף	veg	7290644700005	YELLOW	9999921016404	פלפל חריף	19.9
pepper-hot	פלפל חריף	veg	7290696200003	ויקטורי	7290005678073	פלפל צ`ילי ישראל	11
pepper-hot	פלפל חריף	veg	7290700100008	חצי חינם	7290000007175	פלפל חריף ירוק	9.9
pepper-hot	פלפל חריף	veg	7290803800003	מ. יוחננוף ובניו	7290000000739	פלפל חריף	6.9
pepper-hot	פלפל חריף	veg	7290873255550	טיב טעם	4412746	פלפל חריף	11.9
pepper-hot	פלפל חריף	veg	7290876100000	פרש מרקט	7290000999908	פלפל חריף	9.9
pepper-hot	פלפל חריף	veg	7291059100008	פוליצר	7290000000021	פלפל חריף ישראלי	11.9
persimmon	אפרסמון	fruit	7290027600007	שופרסל	7290000966304	אפרסמון מובחר	12.9
persimmon	אפרסמון	fruit	7290058108879	אלמשהדאוי קינג סטור בע"מ	777088	אפרסמון	19.9
persimmon	אפרסמון	fruit	7290058140886	רמי לוי שיווק השקמה	7290000000144	אפרסמון	18.9
persimmon	אפרסמון	fruit	7290058177776	סופר יודה	7290000999975	אפרסמון קרמבו	39.9
persimmon	אפרסמון	fruit	7290492000005	Dor Alon	7290000042282	אפרסמון	32.9
persimmon	אפרסמון	fruit	7290526500006	Dabach	7290000000253	אפרסמון	29.9
persimmon	אפרסמון	fruit	7290661400001	מחסני השוק	72901008010259	אפרסמון	19.9
persimmon	אפרסמון	fruit	7290700100008	חצי חינם	7290000007700	אפרסמון	14.9
persimmon	אפרסמון	fruit	7290873255550	טיב טעם	4412654	אפרסמון	19.9
persimmon	אפרסמון	fruit	7290876100000	פרש מרקט	7290000992381	אפרסמון	19.9
persimmon	אפרסמון	fruit	7291059100008	פוליצר	7290000000026	אפרסמון ישראלי	26.9
pineapple	אננס	fruit	7290027600007	שופרסל	7290000929958	אננס בטעמים לפי משקל	38
pineapple	אננס	fruit	7290058108879	אלמשהדאוי קינג סטור בע"מ	333042	אננס בטעמים יבש במשקל	40
pineapple	אננס	fruit	7290058140886	רמי לוי שיווק השקמה	7290000000502	אננס מובחר	13.9
pineapple	אננס	fruit	7290455000004	HET_COHEN_NEW_SOURCE	1620076	אננס תפז משקל *.	39
pineapple	אננס	fruit	7290526500006	Dabach	7290000000088	אננס ישראלי	34.9
pineapple	אננס	fruit	7290639000004	סטופמרקט	7290000975078	אננס צבעוני	40
pineapple	אננס	fruit	7290661400001	מחסני השוק	724133400796	אננס פרימיום	29.9
pineapple	אננס	fruit	7290696200003	ויקטורי	978406	אננס צבעוני	40
pineapple	אננס	fruit	7290700100008	חצי חינם	7290000021065	אננס ללא עלים	12.9
pineapple	אננס	fruit	7290873255550	טיב טעם	7290004981891	אננס	39.9
plum	שזיף	fruit	7290000000003	סיטי מרקט	177874274	שזיף	39.9
plum	שזיף	fruit	7290027600007	שופרסל	7290000096902	שזיף צהוב	6.9
plum	שזיף	fruit	7290055700007	קרפור	7290000011593	שזיף	17.9
plum	שזיף	fruit	7290058108879	אלמשהדאוי קינג סטור בע"מ	777098	שזיף ירוק	12.9
plum	שזיף	fruit	7290058140886	רמי לוי שיווק השקמה	7290000000360	שזיפון	15.9
plum	שזיף	fruit	7290058177776	סופר יודה	7290000999875	שזיף שגיב	24.9
plum	שזיף	fruit	7290103152017	אושר עד	7290009008418	שזיף אדום	9.9
plum	שזיף	fruit	7290492000005	Dor Alon	7290000041803	שזיף אדום	19.9
plum	שזיף	fruit	7290526500006	Dabach	7290000000069	שזיף אדום	13.9
plum	שזיף	fruit	7290661400001	מחסני השוק	912248	שזיפים	30.5
plum	שזיף	fruit	7290696200003	ויקטורי	6214966	שזיף ללא גלעין מיקס	20
plum	שזיף	fruit	7290700100008	חצי חינם	7290000017044	שזיף אדום	9.9
plum	שזיף	fruit	7290803800003	מ. יוחננוף ובניו	7290000977799	שזיפים ללא גלעין תפז	39
plum	שזיף	fruit	7290873255550	טיב טעם	4412487	שזיף אדום	17.9
plum	שזיף	fruit	7290876100000	פרש מרקט	7290000999029	שזיף צהוב	8.5
plum	שזיף	fruit	7291059100008	פוליצר	7290000000066	שזיף אדום	14.9
pomegranate	רימון	fruit	7290027600007	שופרסל	7290000966564	רימון מובחר	12.9
pomegranate	רימון	fruit	7290058108879	אלמשהדאוי קינג סטור בע"מ	777126	רימונים	14.9
pomegranate	רימון	fruit	7290058140886	רמי לוי שיווק השקמה	7290000000155	רימון אדום	6.9
pomegranate	רימון	fruit	7290058177776	סופר יודה	7290000999752	רימון	15.9
pomegranate	רימון	fruit	7290103152017	אושר עד	7290009005707	רימון	5.9
pomegranate	רימון	fruit	7290492000005	Dor Alon	7290000042206	רימון	13.9
pomegranate	רימון	fruit	7290526500006	Dabach	7290000000080	רימונים	12.9
pomegranate	רימון	fruit	7290700100008	חצי חינם	7290000014036	רימון	9.9
pomegranate	רימון	fruit	7290803800003	מ. יוחננוף ובניו	7290000000613	רימון	9.9
pomegranate	רימון	fruit	7290873255550	טיב טעם	4412357	רימון	12.9
pomegranate	רימון	fruit	7290876100000	פרש מרקט	7290000999752	רימון	9.9
pomegranate	רימון	fruit	7291059100008	פוליצר	7290000000068	רימון טרי	11.9
pomelo	פומלה	fruit	7290000000003	סיטי מרקט	9978787	פומלה	9.9
pomelo	פומלה	fruit	7290027600007	שופרסל	7290000964461	פומלית	7.9
pomelo	פומלה	fruit	7290058108879	אלמשהדאוי קינג סטור בע"מ	777119	פומלה	7.9
pomelo	פומלה	fruit	7290058140886	רמי לוי שיווק השקמה	7290000000137	פומלה	7.9
pomelo	פומלה	fruit	7290058177776	סופר יודה	7290000999967	פומלה	16.9
pomelo	פומלה	fruit	7290103152017	אושר עד	7290009005257	פומלית	6.9
pomelo	פומלה	fruit	7290492000005	Dor Alon	7290000042312	פומלה	9.9
pomelo	פומלה	fruit	7290526500006	Dabach	7290000000027	פומלה	6.9
pomelo	פומלה	fruit	7290700100008	חצי חינם	7290000007557	פומלית ארוזה	6.9
pomelo	פומלה	fruit	7290803800003	מ. יוחננוף ובניו	7290000000744	פומלה	4.9
pomelo	פומלה	fruit	7290873255550	טיב טעם	4412685	פומלה	10.9
pomelo	פומלה	fruit	7290876100000	פרש מרקט	7290000999967	פומלה	4.9
pomelo	פומלה	fruit	7291059100008	פוליצר	7290000001746	פומלית	8.9
potato	תפוח אדמה	veg	7290000000003	סיטי מרקט	7290005610127	תפוח אדמה גורמה	7.9
potato	תפוח אדמה	veg	7290027600007	שופרסל	7290000999579	תפו"א לבן ארוז	4.9
potato	תפוח אדמה	veg	7290055700007	קרפור	693493158657	תפו"א פרימיום פלוס	7.9
potato	תפוח אדמה	veg	7290058108879	אלמשהדאוי קינג סטור בע"מ	777414	תפוח אדמה גורמה	6.9
potato	תפוח אדמה	veg	7290058134977	שפע ברכת השם בע"מ	825228	תפו"א אדום גורמה	10.9
potato	תפוח אדמה	veg	7290058140886	רמי לוי שיווק השקמה	7290008504591	תפו"א לבן ארוז	3.9
potato	תפוח אדמה	veg	7290058148776	שוק העיר (ט.ע.מ.ס.) בע"מ	7290005610059	תפו"א לבן ארוז	4.9
potato	תפוח אדמה	veg	7290058156016	אבות אברהם בע"מ	7290001867020	מארז תפו"א אדום	6.9
potato	תפוח אדמה	veg	7290058159628	ג.מ. מעיין אלפיים (07) בע"מ	7290001867655	תפוח אדמה פרימיום	7.9
potato	תפוח אדמה	veg	7290058177776	סופר יודה	7290000999925	תפו"א לבן	8.9
potato	תפוח אדמה	veg	7290058289400	קי טי יבוא ושווק בע"מ	693493158657	תפוח אדמה גורמה	7.9
potato	תפוח אדמה	veg	7290103152017	אושר עד	7290009002997	תפוח אדמה תפזורת	6.9
potato	תפוח אדמה	veg	7290455000004	HET_COHEN_NEW_SOURCE	7290001867020	תפו"א אדום בינוני ארוז	4.9
potato	תפוח אדמה	veg	7290492000005	Dor Alon	7290000040905	תפוא  לבן ארוז	6.9
potato	תפוח אדמה	veg	7290526500006	Dabach	7290018992005	תפוח אדמה גורמה	4.9
potato	תפוח אדמה	veg	7290639000004	סטופמרקט	7290018825020	תפוח אדמה גורמה דודו	9.9
potato	תפוח אדמה	veg	7290644700005	YELLOW	9999921048806	תפוא לבן גורמה	22.9
potato	תפוח אדמה	veg	7290661400001	מחסני השוק	5610127	תפוח אדמה גורמה	7.9
potato	תפוח אדמה	veg	7290696200003	ויקטורי	7290001588550	תפוח אדמה ארוז	8.9
potato	תפוח אדמה	veg	7290700100008	חצי חינם	7290000013589	תפוח אדמה גורמה בתפזורת	7.9
potato	תפוח אדמה	veg	7290785400000	קשת טעמים	7290000619308	תפוא לבן גורמה	8.9
potato	תפוח אדמה	veg	7290803800003	מ. יוחננוף ובניו	7290000000783	תפו"א אדום ארוז	2.9
potato	תפוח אדמה	veg	7290873255550	טיב טעם	7290018825211	תפו"א לבן	4.9
potato	תפוח אדמה	veg	7290876100000	פרש מרקט	7290000999925	תפו"א לבן	4.9
potato	תפוח אדמה	veg	7291059100008	פוליצר	7290000000033	תפוח אדמה גורמה ישר	7.9
pumpkin	דלעת	veg	7290027600007	שופרסל	7290000955988	דלעת במשקל ארוזה	8.9
pumpkin	דלעת	veg	7290055700007	קרפור	7290001546208	דלעת חתוכה בד"ץ	9.9
pumpkin	דלעת	veg	7290058108879	אלמשהדאוי קינג סטור בע"מ	777694	דלעת	11.9
pumpkin	דלעת	veg	7290058134977	שפע ברכת השם בע"מ	501374	דלעת לפי משקל	12.9
pumpkin	דלעת	veg	7290058140886	רמי לוי שיווק השקמה	7290000000166	דלעת	10.9
pumpkin	דלעת	veg	7290058148776	שוק העיר (ט.ע.מ.ס.) בע"מ	7290015855303	דלעת  א.אדמה	13.9
pumpkin	דלעת	veg	7290058156016	אבות אברהם בע"מ	918808	דלעת	9.9
pumpkin	דלעת	veg	7290058177776	סופר יודה	7290000999918	דלעת	18.9
pumpkin	דלעת	veg	7290058289400	קי טי יבוא ושווק בע"מ	11113001	דלעת	8.9
pumpkin	דלעת	veg	7290455000004	HET_COHEN_NEW_SOURCE	7290000961804	דלעת	12.9
pumpkin	דלעת	veg	7290492000005	Dor Alon	7290004505004	דלעת ארוזה	9.9
pumpkin	דלעת	veg	7290526500006	Dabach	7290000000054	דלעת	12.9
pumpkin	דלעת	veg	7290639000004	סטופמרקט	7290003706181	דלעת חתוכה ארוזה	12.9
pumpkin	דלעת	veg	7290661400001	מחסני השוק	571022	דלעת ארוזה	12.9
pumpkin	דלעת	veg	7290696200003	ויקטורי	7290019535676	דלעת מיני ישראל	12.9
pumpkin	דלעת	veg	7290700100008	חצי חינם	7290000013459	דלעת חתוכה	9.9
pumpkin	דלעת	veg	7290785400000	קשת טעמים	693493028899	דלעת	10.9
pumpkin	דלעת	veg	7290803800003	מ. יוחננוף ובניו	7290015855303	דלעת ארוזה  במשקל	9.9
pumpkin	דלעת	veg	7290873255550	טיב טעם	7290101501374	דלעת ארוזה	14.9
pumpkin	דלעת	veg	7290876100000	פרש מרקט	7290000961804	דלעת ארוזה	9.9
pumpkin	דלעת	veg	7291059100008	פוליצר	7290014092532	דלעת	9.9
quince	חבוש	fruit	7290000000003	סיטי מרקט	133211	חבוש	19.9
quince	חבוש	fruit	7290027600007	שופרסל	7290000902296	חבושים	13.9
quince	חבוש	fruit	7290055700007	קרפור	7290000005101	חבוש	18.9
quince	חבוש	fruit	7290058108879	אלמשהדאוי קינג סטור בע"מ	777132	חבושים	14.9
quince	חבוש	fruit	7290058140886	רמי לוי שיווק השקמה	7290000000197	חבוש	17.9
quince	חבוש	fruit	7290058177776	סופר יודה	7290000999823	חבושים	24.9
quince	חבוש	fruit	7290058289400	קי טי יבוא ושווק בע"מ	986543266	חבוש	14.9
quince	חבוש	fruit	7290103152017	אושר עד	7290009005806	חבושים	17.9
quince	חבוש	fruit	7290492000005	Dor Alon	7290000042299	חבושים	24.9
quince	חבוש	fruit	7290526500006	Dabach	7290000000313	חבושים	19.9
quince	חבוש	fruit	7290700100008	חצי חינם	7290000017006	חבוש	17.9
quince	חבוש	fruit	7290803800003	מ. יוחננוף ובניו	7290000000610	חבוש	12.9
quince	חבוש	fruit	7290873255550	טיב טעם	4412593	חבושים	19.9
quince	חבוש	fruit	7290876100000	פרש מרקט	7290000999823	חבושים	19.9
quince	חבוש	fruit	7291059100008	פוליצר	7290000000097	חבושים	19.9
radish	צנון	veg	7290027600007	שופרסל	7290000999692	צנון	5.9
radish	צנון	veg	7290058108879	אלמשהדאוי קינג סטור בע"מ	777049	צנון	7.9
radish	צנון	veg	7290058140886	רמי לוי שיווק השקמה	7290000000161	צנון	8.9
radish	צנון	veg	7290058177776	סופר יודה	7290000999694	צנון גדול	13.9
radish	צנון	veg	7290058289400	קי טי יבוא ושווק בע"מ	7290010192120	צנון	7.9
radish	צנון	veg	7290492000005	Dor Alon	7290000042145	צנון	11.9
radish	צנון	veg	7290526500006	Dabach	7290000000047	צנון	8.9
radish	צנון	veg	7290803800003	מ. יוחננוף ובניו	7290000000751	צנון	4.9
radish	צנון	veg	7290873255550	טיב טעם	6270047	צנון	8.9
radish	צנון	veg	7290876100000	פרש מרקט	7290000999999	צנון	7.9
radish	צנון	veg	7291059100008	פוליצר	7290000000013	צנון ישראלי	8.9
spinach	תרד	veg	7290058108879	אלמשהדאוי קינג סטור בע"מ	777078	תרד סבאנך	9.9
spinach	תרד	veg	7290058140886	רמי לוי שיווק השקמה	7290002750727	פילו תרד	46.2
spinach	תרד	veg	7290492000005	Dor Alon	7290002020493	שבלול פילו תרד	49.9
spinach	תרד	veg	7290526500006	Dabach	7290000000084	תרד בלדי	9.9
spinach	תרד	veg	7290661400001	מחסני השוק	2750727	פילו תרד שקיל.	47
spinach	תרד	veg	7290696200003	ויקטורי	653877	פילס תרד בנוז`ור	47
squash-butternut	דלורית	veg	7290027600007	שופרסל	7290000000732	דלורית	6.9
squash-butternut	דלורית	veg	7290055700007	קרפור	7290000001641	דלורית	5.9
squash-butternut	דלורית	veg	7290058108879	אלמשהדאוי קינג סטור בע"מ	777045	דלורית	8.9
squash-butternut	דלורית	veg	7290058140886	רמי לוי שיווק השקמה	7290000000141	דלורית	6.9
squash-butternut	דלורית	veg	7290058177776	סופר יודה	7290000999834	דלורית	12.9
squash-butternut	דלורית	veg	7290492000005	Dor Alon	7290000040639	דלורית	8.9
squash-butternut	דלורית	veg	7290526500006	Dabach	7290000000079	דלורית	6.9
squash-butternut	דלורית	veg	7290700100008	חצי חינם	7290000013169	דלורית	5.9
squash-butternut	דלורית	veg	7290803800003	מ. יוחננוף ובניו	7290000000625	דלורית	4.9
squash-butternut	דלורית	veg	7290873255550	טיב טעם	4412913	דלורית	8.9
squash-butternut	דלורית	veg	7290876100000	פרש מרקט	7290000999834	דלורית	8.9
squash-butternut	דלורית	veg	7291059100008	פוליצר	7290000000019	דלורית ישראלי	7.9
strawberry	תות	fruit	7290027600007	שופרסל	7290000966786	תות שדה במשקל	35
strawberry	תות	fruit	7290058140886	רמי לוי שיווק השקמה	7290001751213	תות מסוכר	40
strawberry	תות	fruit	7290526500006	Dabach	7290000150865	תותים	100
strawberry	תות	fruit	7290639000004	סטופמרקט	7290000004617	תות שדה מסוכר	90
strawberry	תות	fruit	7290873255550	טיב טעם	3213504	תות שדה	99
sweet-potato	בטטה	veg	7290000000003	סיטי מרקט	7290101503507	מיני בטטה	7.9
sweet-potato	בטטה	veg	7290027600007	שופרסל	7290000961767	בטטה ארוזה	6.9
sweet-potato	בטטה	veg	7290058108879	אלמשהדאוי קינג סטור בע"מ	777043	בטטה מתוקה	7.9
sweet-potato	בטטה	veg	7290058140886	רמי לוי שיווק השקמה	7290000000138	בטטה	7.9
sweet-potato	בטטה	veg	7290058156016	אבות אברהם בע"מ	7290019003915	בטטה ביבי	9.9
sweet-potato	בטטה	veg	7290058177776	סופר יודה	7290000999917	בטטה	15.9
sweet-potato	בטטה	veg	7290103152017	אושר עד	7290009001105	בטטה	6.9
sweet-potato	בטטה	veg	7290492000005	Dor Alon	7290000040592	בטטה	11.9
sweet-potato	בטטה	veg	7290526500006	Dabach	7290000000034	בטטה	8.9
sweet-potato	בטטה	veg	7290700100008	חצי חינם	7290000012858	בטטה	5.9
sweet-potato	בטטה	veg	7290803800003	מ. יוחננוף ובניו	7290000000622	בטטה	4.9
sweet-potato	בטטה	veg	7290873255550	טיב טעם	4412319	בטטה	11.9
sweet-potato	בטטה	veg	7290876100000	פרש מרקט	7290000999917	בטטה	8.9
sweet-potato	בטטה	veg	7291059100008	פוליצר	7290000000041	בטטה ישראלי	9.9
tomato	עגבניה	veg	7290000000003	סיטי מרקט	054754	עגבניות בחוץ	9.9
tomato	עגבניה	veg	7290027600007	שופרסל	7290000000022	עגבניה	5.9
tomato	עגבניה	veg	7290055700007	קרפור	7290000003100	עגבניה	8.9
tomato	עגבניה	veg	7290058108879	אלמשהדאוי קינג סטור בע"מ	777001	עגבניה	8.9
tomato	עגבניה	veg	7290058134977	שפע ברכת השם בע"מ	501237	עגבניות מגי	14.9
tomato	עגבניה	veg	7290058140886	רמי לוי שיווק השקמה	7290000012346	עגבניה	4.9
tomato	עגבניה	veg	7290058156016	אבות אברהם בע"מ	107606	עגבניות מגי	16.9
tomato	עגבניה	veg	7290058177776	סופר יודה	7290000999901	עגבניה אשכולות	15.9
tomato	עגבניה	veg	7290103152017	אושר עד	7290009000122	עגבניה	5.9
tomato	עגבניה	veg	7290455000004	HET_COHEN_NEW_SOURCE	101501237	עגבניות מגי עגבניית טעם	15.9
tomato	עגבניה	veg	7290492000005	Dor Alon	7290000042428	עגבניות מגי	18.9
tomato	עגבניה	veg	7290526500006	Dabach	7290000000005	עגבניה	6.9
tomato	עגבניה	veg	7290639000004	סטופמרקט	7290015855488	עגבניות מגי א.אדמה	23.9
tomato	עגבניה	veg	7290644700005	YELLOW	9999921030760	עגבניה	12.9
tomato	עגבניה	veg	7290661400001	מחסני השוק	7290019600077	עגבניה מגי	19.9
tomato	עגבניה	veg	7290696200003	ויקטורי	7290017130002	עגבניות- מגי	15
tomato	עגבניה	veg	7290700100008	חצי חינם	7290000013008	עגבניה	6.9
tomato	עגבניה	veg	7290803800003	מ. יוחננוף ובניו	7290000000725	עגבניה	4.9
tomato	עגבניה	veg	7290873255550	טיב טעם	4412784	עגבניות	5.9
tomato	עגבניה	veg	7290876100000	פרש מרקט	7290000999901	עגבניה  אשכולות	8.9
tomato	עגבניה	veg	7291059100008	פוליצר	7290000000001	עגבניות ישראלי	8.9
tomato-cherry	עגבניה שרי	veg	7290000000003	סיטי מרקט	7290000000220	עגבניה שרי	19.9
tomato-cherry	עגבניה שרי	veg	7290027600007	שופרסל	7290000913544	עגבניות שרי תפזורת	9.9
tomato-cherry	עגבניה שרי	veg	7290055700007	קרפור	7290000001975	שרי אשכולות תפזורת	19.9
tomato-cherry	עגבניה שרי	veg	7290058108879	אלמשהדאוי קינג סטור בע"מ	777002	שרי במשקל	23.9
tomato-cherry	עגבניה שרי	veg	7290058134977	שפע ברכת השם בע"מ	7290001133552	שריר הזרוע מס' 8 חלק ארגנטינה	45.5
tomato-cherry	עגבניה שרי	veg	7290058140886	רמי לוי שיווק השקמה	7290000000162	עגבניות שרי פרימיום	18.9
tomato-cherry	עגבניה שרי	veg	7290058148776	שוק העיר (ט.ע.מ.ס.) בע"מ	7290000662480	שריר 8 כשר קפוא תנובה	49.9
tomato-cherry	עגבניה שרי	veg	7290058156016	אבות אברהם בע"מ	649548	שריר הזרוע	49.9
tomato-cherry	עגבניה שרי	veg	7290058159628	ג.מ. מעיין אלפיים (07) בע"מ	384051	שריר B  ארגנטיני עטרה טרי	59.9
tomato-cherry	עגבניה שרי	veg	7290058177776	סופר יודה	7290000999902	עגבניה שרי	29.9
tomato-cherry	עגבניה שרי	veg	7290103152017	אושר עד	7290009000115	עגבניות שרי	15.9
tomato-cherry	עגבניה שרי	veg	7290455000004	HET_COHEN_NEW_SOURCE	7008820	בשר  מס`8שריר זרוע אשפר	59.9
tomato-cherry	עגבניה שרי	veg	7290492000005	Dor Alon	7290015055000	שרי שחור	19.9
tomato-cherry	עגבניה שרי	veg	7290526500006	Dabach	7290000000249	עגבניות תמר	8.9
tomato-cherry	עגבניה שרי	veg	7290639000004	סטופמרקט	7290015983136	שרי בלינדה	30
tomato-cherry	עגבניה שרי	veg	7290644700005	YELLOW	9999921052045	שרי לובלו קג	29
tomato-cherry	עגבניה שרי	veg	7290661400001	מחסני השוק	7290010124886	שריר  מס ``8מחפוד.	34.99
tomato-cherry	עגבניה שרי	veg	7290696200003	ויקטורי	6464828	בשר  מס`8 שריר	39.9
tomato-cherry	עגבניה שרי	veg	7290700100008	חצי חינם	7290000900759	עגבניות שרי	32
tomato-cherry	עגבניה שרי	veg	7290785400000	קשת טעמים	7290000006130	עגבניות שרי	59
tomato-cherry	עגבניה שרי	veg	7290803800003	מ. יוחננוף ובניו	7290019107408	עגבניה שרי במשקל	19.9
tomato-cherry	עגבניה שרי	veg	7290873255550	טיב טעם	7290005678882	עגבניות שרי	23.9
tomato-cherry	עגבניה שרי	veg	7290876100000	פרש מרקט	7290000999902	עגבניה שרי	18.9
tomato-cherry	עגבניה שרי	veg	7291059100008	פוליצר	7290000000052	עגבניות שרי	24.9
turnip	לפת	veg	7290027600007	שופרסל	7290000922942	לפת	5.9
turnip	לפת	veg	7290058108879	אלמשהדאוי קינג סטור בע"מ	777046	לפת	8.9
turnip	לפת	veg	7290058140886	רמי לוי שיווק השקמה	7290000000164	לפת	8.9
turnip	לפת	veg	7290058177776	סופר יודה	7290000999972	לפת	12.9
turnip	לפת	veg	7290492000005	Dor Alon	7290000042138	לפת	9.9
turnip	לפת	veg	7290526500006	Dabach	7290000000040	לפת	8.9
turnip	לפת	veg	7290700100008	חצי חינם	7290000006550	לפת	5.9
turnip	לפת	veg	7290803800003	מ. יוחננוף ובניו	7290000000692	לפת	4.9
turnip	לפת	veg	7290873255550	טיב טעם	4412821	לפת	7.9
turnip	לפת	veg	7290876100000	פרש מרקט	7290000999972	לפת	8.9
turnip	לפת	veg	7291059100008	פוליצר	7290000000091	לפת	8.9
watermelon	אבטיח	fruit	7290027600007	שופרסל	7290000098777	חצי אבטיח ארוז	5.9
watermelon	אבטיח	fruit	7290058108879	אלמשהדאוי קינג סטור בע"מ	777082	אבטיח	3.9
watermelon	אבטיח	fruit	7290058140886	רמי לוי שיווק השקמה	7290000000169	אבטיח	3.9
watermelon	אבטיח	fruit	7290058177776	סופר יודה	7290000999951	אבטיח	8.9
watermelon	אבטיח	fruit	7290103152017	אושר עד	7290009003154	אבטיח	2.9
watermelon	אבטיח	fruit	7290492000005	Dor Alon	7290000041001	אבטיח	6.9
watermelon	אבטיח	fruit	7290526500006	Dabach	7290000006026	אבטיח	3.9
watermelon	אבטיח	fruit	7290644700005	YELLOW	9999921040312	אבטיח גולי א.מעולה	9.9
watermelon	אבטיח	fruit	7290700100008	חצי חינם	7290000010489	אבטיח ג'ולי	4.9
watermelon	אבטיח	fruit	7290803800003	מ. יוחננוף ובניו	7290000000601	אבטיח	6.9
watermelon	אבטיח	fruit	7290873255550	טיב טעם	4412906	אבטיח	4.9
watermelon	אבטיח	fruit	7290876100000	פרש מרקט	7290000999951	אבטיח	4.9
watermelon	אבטיח	fruit	7291059100008	פוליצר	7290000000071	אבטיח	4.9
zucchini	קישוא	veg	7290000000003	סיטי מרקט	5858777	קישוא זוקיני	13.9
zucchini	קישוא	veg	7290027600007	שופרסל	7296073440444	קישוא טרי ארוז	10.9
zucchini	קישוא	veg	7290055700007	קרפור	7290000003702	קישוא	9.9
zucchini	קישוא	veg	7290058108879	אלמשהדאוי קינג סטור בע"מ	777210	קישואים	7.5
zucchini	קישוא	veg	7290058140886	רמי לוי שיווק השקמה	7290000002107	קישוא	5
zucchini	קישוא	veg	7290058177776	סופר יודה	7290000999912	קישואים	15.9
zucchini	קישוא	veg	7290103152017	אושר עד	7290009001808	קישוא	8.9
zucchini	קישוא	veg	7290492000005	Dor Alon	7290000040752	קישוא	12.9
zucchini	קישוא	veg	7290526500006	Dabach	7290000000042	קישואים חממה	7.9
zucchini	קישוא	veg	7290661400001	מחסני השוק	7290017800004	קישוא זיקוני	9.9
zucchini	קישוא	veg	7290700100008	חצי חינם	7290000012995	קישוא	9.9
zucchini	קישוא	veg	7290803800003	מ. יוחננוף ובניו	7290000000755	קישואים	5.9
zucchini	קישוא	veg	7290873255550	טיב טעם	4412715	קישואים	9.9
zucchini	קישוא	veg	7290876100000	פרש מרקט	7290000999912	קישואים	9.9
zucchini	קישוא	veg	7291059100008	פוליצר	7290000000011	קישואים ישראלי	11.9
